Food Name,Energy (KJ/100g),Sugars (g/100g),Saturated Fat (g/100g),Salt (g/100g),Proteins (g/100g),Fiber (g/100g),Fruit/Veg (%),Categories,Countries,Barcode,Nutri-Score,Ecoscore,Comprehensive Score,Scaled Score,Category
Pulco Zitrone,49.5,0.4,0.0,0.005,0.1,5.0,0,"Beverages and beverages preparations, Beverages, en:flavoured-syrups","en:belgium, en:france, en:germany, en:switzerland",3225350000501,3,112,46.6,5.0,Good
BISCOTTES COMPLETES BIO,1582.0,4.0,0.5,1.3,15.0,8.5,0,"Plant-based foods and beverages,Plant-based foods,Cereals and potatoes,Breads,Rusks,Wholemeal rusks","en:france, en:french-polynesia, en:spain",3560070308316,5,110,47.0,5.0,Good
Houmous extra - Pois chiches fran√ßais & graines de s√©same,1314.0,0.3,2.6,1.1,6.8,6.1,0,"Plant-based foods and beverages, Plant-based foods, Condiments, Spreads, Plant-based spreads, Salted spreads, Sauces, Dips, Hummus, Classic hummus","en:france, en:spain, en:switzerland",3292070005161,5,86,37.4,4.5,Good
Lait de coco,749.0,2.2,17.0,0.03,2.0,0.5,0,"Plant-based foods and beverages, Plant-based foods, Plant-based creams, Plant-based creams for cooking, Coconut milks and creams, en:milk-substitutes","en:france, en:switzerland, en:world",8886303210238,3,92,38.6,4.5,Good
Tartined Craquantes Ch√¢taigne,1588.0,5.1,0.5,0.55,7.2,2.0,0,"Aliments et boissons √† base de v√©g√©taux, Aliments d'origine v√©g√©tale, Snacks, C√©r√©ales et pommes de terre, Tartines craquantes extrud√©es",en:france,3760020508388,4,95,40.4,4.5,Good
"Muesli Raisin, Figue, Abricot",1485.0,14.0,0.9,0.03,11.0,10.0,0,"Plant-based foods and beverages,Plant-based foods,Breakfasts,Cereals and potatoes,Cereals and their products,Breakfast cereals,Cereals with fruits,Mueslis,Mueslis with fruits","en:belgium, en:cote-d-ivoire, en:france, en:french-polynesia, en:guadeloupe, en:italy, en:martinique, en:morocco, en:new-caledonia, en:reunion, en:spain, en:switzerland",3229820129488,5,87,37.800000000000004,4.5,Good
Tartines craquantes au sarrasin,1611.0,2.6,0.6,0.67,13.0,4.4,0,"Aliments et boissons √† base de v√©g√©taux,Aliments d'origine v√©g√©tale,Snacks,C√©r√©ales et pommes de terre,Tartines craquantes extrud√©es","en:belgium, en:france, en:spain, en:switzerland",3380380047749,5,91,39.4,4.5,Good
Tartines craquantes quinoa - pois chiche,1603.0,0.6,0.5,0.5,9.6,4.7,0,"Plant-based foods and beverages, Plant-based foods, Snacks, Cereals and potatoes, Extruded crispbreads, en:crispbreads",en:france,6153153,5,95,41.0,4.5,Good
Tartines Craquantes Multi-C√©r√©ales,1552.0,2.8,0.3,0.32,9.9,2.8,0,"Plant-based foods and beverages,Plant-based foods,Snacks,Cereals and potatoes,Extruded crispbreads","en:france, en:switzerland",3175681037885,5,91,39.4,4.5,Good
Pain de mie grandes tranches Seigle & Graines 500g,1246.0,4.2,1.0,0.96,12.0,7.2,0,"Plant-based foods and beverages,Plant-based foods,Cereals and potatoes,Seeds,Cereals and their products,Cereal grains,Breads,Secale,Sliced breads,Rye,Rye breads",en:france,3760049798609,5,90,39.0,4.5,Good
Scott's Porage Oats Original 1000g,1565.0,1.0,1.5,0.0,11.0,9.0,0,"Plant-based foods and beverages, Plant-based foods, Breakfasts, Cereals and potatoes, Cereals and their products, Breakfast cereals, Flakes, Cereal flakes, Rolled flakes, Porridge, Rolled oats, Plain porridge","en:france, en:united-kingdom",5000108022176,5,86,37.4,4.5,Good
Muesli avoine chocolat bio,1642.0,8.7,3.8,0.1,12.0,10.0,0,"Plant-based foods and beverages, Plant-based foods, Breakfasts, Cereals and potatoes, Cereals and their products, Breakfast cereals, Chocolate cereals, Mueslis, Mueslis with chocolate","en:belgium, en:france, en:spain, en:switzerland",3229820769165,5,87,37.800000000000004,4.5,Good
Crispbread Original,1631.0,3.5,0.5,1.19,11.7,6.2,0,"Plantaardige levensmiddelen en dranken,Plantaardige levensmiddelen,Snacks,Granen en aardappels,Knapperige broodproducten","en:belgium, en:france, en:germany",20006174,5,97,41.800000000000004,4.5,Good
Pain de mie Bio grandes tranches c√©r√©ales & graines 500g,1266.0,5.6,0.8,1.2,8.8,5.3,0,"Plant-based foods and beverages,Plant-based foods,Cereals and potatoes,Breads,Sliced breads,Multigrain sliced breads",en:france,3760049794298,5,91,39.4,4.5,Good
Les Galettes Boulgour & Quinoa - Tomate & Paprika,792.0,3.8,0.6,0.95,7.5,5.0,0,"Plant-based foods and beverages, Plant-based foods, Meat alternatives, Vegetarian patties, Cereals and vegetables patties",en:france,3175681028111,5,91,39.4,4.5,Good
Muesli Superfruits,1506.0,14.0,0.8,0.01,11.0,9.4,20,"Plant-based foods and beverages,Plant-based foods,Breakfasts,Cereals and potatoes,Cereals and their products,Breakfast cereals,Cereals with fruits,Mueslis,Mueslis with fruits","en:belgium, en:france, en:martinique, en:mexico, en:morocco, en:reunion, en:spain, en:switzerland",3229820782560,5,87,37.800000000000004,4.5,Good
"Alpro Sojadrink, Unges√º√üt 1L",138.0,0.0,0.3,0.09,3.3,0.6,0,"Plant-based foods and beverages, Beverages, Plant-based foods, Legumes and their products, Dairy substitutes, Milk substitutes, Plant-based beverages, Plant-based milk alternatives, Legume-based drinks, Non-alcoholic beverages, Soy-based drinks, Unsweetened plain soy-based drinks, en:unsweetened-beverages","en:belgium, en:france, en:germany, en:italy, en:luxembourg, en:norway, en:spain",5411188115496,5,88,38.2,4.5,Good
Tartines craquantes sarrasin,1548.0,1.5,0.40000000596046,0.47999998927116,12.0,3.5,0,"Aliments et boissons √† base de v√©g√©taux,Aliments d'origine v√©g√©tale,Snacks,C√©r√©ales et pommes de terre,Tartines craquantes extrud√©es",en:france,3175681037854,5,95,41.0,4.5,Good
8 Pains au lait frais Bio 280g,1451.0,8.7,1.2,0.9,9.3,2.4,0,"Aliments et boissons √† base de v√©g√©taux, Aliments d'origine v√©g√©tale, Snacks, Petit-d√©jeuners, C√©r√©ales et pommes de terre, Snacks sucr√©s, en:Sweet pastries and pies, Pains, Viennoiseries, Pains au lait",en:france,3284230011884,4,91,38.8,4.5,Good
Gazpacho Original,170.0,3.35,0.4,0.59,0.9,1.15,94,"Plant-based foods and beverages, Plant-based foods, Fruits and vegetables based foods, Meals, Soups, Vegetable soups, en:gazpacho","en:andorra, en:belgium, en:china, en:france, en:spain, en:switzerland",8422174010029,5,90,39.0,4.5,Good
Orange Citron √† diluer,686.0,36.7,0.0,0.01,0.3,0.0,0,"Plant-based foods and beverages,Beverages,Plant-based beverages,Fruit-based beverages,Syrups,Flavoured syrups,Sweetened beverages",en:france,3124480185266,2,93,38.400000000000006,4.5,Good
Tartines craquantes au sarrasin imp,1631.0,2.6,0.6,0.68,13.4,4.4,0,"Aliments et boissons √† base de v√©g√©taux,Aliments d'origine v√©g√©tale,Snacks,C√©r√©ales et pommes de terre,Pains,Tartines craquantes extrud√©es,Pains croustillants","en:belgium, en:france, en:netherlands, en:senegal",6175700,5,95,41.0,4.5,Good
"Alpro Joghurtalternative auf Sojabasis, Natur mit Mandeln, 500 g, 31",226.0,2.2,0.4,0.25,3.9,1.1,0,"Plant-based foods and beverages,Fermented foods,Dairy substitutes,Desserts,Non-dairy desserts,Non-dairy fermented foods,Non-dairy yogurts,Soy milk yogurts,Plain soy yogurts","en:belgium, en:france, en:germany, en:ireland, en:italy, en:spain, en:switzerland, en:united-kingdom",5411188118961,5,89,38.6,4.5,Good
Skyr,174.0,2.79,0.0714,0.0643,7.14,0.0,0,"Dairies,Fermented foods,Fermented milk products,Cheeses,Desserts,Dairy desserts,Fermented dairy desserts,Fromages blancs - petit suisses and skyr,Yogurts,Plain fermented dairy desserts,Skyrs,Plain skyrs","en:france, en:germany, en:italy, en:spain, en:switzerland",3033490004743,5,80,35.0,4.0,Good
"B√¢tonnets de c√©r√©ales fourr√©s (47,5 %) au chocolat - Cracotte Chocolat",1910.0,30.0,5.11,0.263,7.51,4.8,0,"Snacks, Sweet snacks, Biscuits and cakes, Biscuits, Chocolate biscuits, Filled biscuits, Filled extruded crispbreads, Extruded and grilled biscuits with chocolate filling, en:crispbreads","en:belgium, en:france, en:reunion, en:switzerland",3041090061615,2,75,31.2,4.0,Good
Pulco √† diluer - Agrumes,691.0,34.4,0.0,0.01,0.6,0.0,0,"Plant-based foods and beverages,Beverages,Plant-based beverages,Fruit-based beverages,Syrups,Flavoured syrups,Still fruit soft drinks,Sweetened beverages",en:france,3225355490925,2,77,32.0,4.0,Good
Petites Madeleines,1753.0,23.0,2.0,0.71,5.5,1.5,0,"Snacks,Zoete snacks,Koekjes en cakes,Cakes,Madeleines,en:Madeleines natures","en:france, en:martinique, en:la-reunion, en:suisse",3178530410105,2,83,34.400000000000006,4.0,Good
Go√ªter aux √©corces confites,1870.0,20.0,1.4,0.03,9.5,6.1,0,"Snacks, Snacks sucr√©s, Biscuits et g√¢teaux, Biscuits, Go√ªter aux √©corces confites",en:france,3251491787803,4,73,31.6,4.0,Good
Tomato ketchup 50% moins de sucres & de sel,271.0,11.0,0.0,0.9,1.4,0.0,0,"Plant-based foods and beverages, Plant-based foods, Condiments, Sauces, Tomato sauces, Ketchup, Tomato Ketchup","en:france, en:switzerland",8715700423913,3,78,33.0,4.0,Good
Bio Reiswaffeln mit Salz,1586.0,0.6,0.5,0.32,8.4,0.0,0,"Plant-based foods and beverages,Plant-based foods,Cereals and potatoes,Cereals and their products,Puffed cereal cakes,Puffed rice cakes","en:france, en:germany",20884680,4,71,30.8,4.0,Good
Biscuit lait chocolat,1895.0,22.0,2.7,0.68,10.0,5.9,0,"Snacks,Snacks sucr√©s,Biscuits et g√¢teaux,Biscuits,Biscuits au chocolat","en:belgium, en:france, en:guadeloupe, en:martinique, en:morocco, en:reunion, en:senegal, en:switzerland",3175680011534,3,74,31.400000000000002,4.0,Good
Spaghetti N.5,1521.0,3.5,0.5,0.01,13.0,3.0,0,"Plant-based foods and beverages,Plant-based foods,Cereals and potatoes,Cereals and their products,Pastas,Cereal pastas,Dry pastas,Durum wheat pasta,Spaghetti,Dry durum wheat pasta,Durum wheat spaghetti","en:australia, en:austria, en:belgium, en:croatia, en:france, en:germany, en:greece, en:ireland, en:italy, en:liechtenstein, en:luxembourg, en:mexico, en:romania, en:russia, en:serbia, en:spain, en:switzerland, en:thailand, en:united-kingdom, en:united-states",8076800195057,5,73,32.2,4.0,Good
Bio Knusper M√ºsli Fr√ºchte,1130.0,9.0,2.5,0.125,6.0,5.0,0,"Plant-based foods and beverages,Plant-based foods,Fruits and vegetables based foods,Breakfasts,Cereals and potatoes,Cereals and their products,Fruits based foods,Breakfast cereals,Fruits,Cereals with fruits,Mueslis,Berries,Crunchy mueslis,Mueslis with fruits,Crunchy mueslis with fruits","en:belgium, en:france, en:germany",4056489296805,5,78,34.2,4.0,Good
Petits pains grill√©s bl√© complet,1717.0,4.2,0.9,1.1,10.0,6.9,0,"Plant-based foods and beverages,Plant-based foods,Cereals and potatoes,Breads,Toasts,Toasted bread rolls",en:france,3564700582633,5,85,37.0,4.0,Good
"Alpro Fermentiertes Sojaprodukt, Unges√º√üt 500g",177.0,0.0,0.4,0.24,4.0,0.9,0,"Plant-based foods and beverages,Fermented foods,Dairy substitutes,Desserts,Non-dairy desserts,Non-dairy fermented foods,Non-dairy yogurts,Soy milk yogurts","en:austria, en:belgium, en:finland, en:france, en:germany, en:ireland, en:spain, en:switzerland, en:united-kingdom",5411188118121,5,81,35.4,4.0,Good
Bio napitak od zobi,154.0,4.4,0.1,0.1,0.4,0.0,0,"Plant-based foods and beverages,Beverages,Plant-based foods,Cereals and potatoes,Dairy substitutes,Cereals and their products,Milk substitutes,Plant-based beverages,Plant-based milk alternatives,Cereal-based drinks,Oat-based drinks","en:croatia, en:czech-republic, en:france, en:germany, en:hungary, en:romania, en:slovakia, en:slovenia",4056489041320,4,74,32.0,4.0,Good
Lay's Cuites au four nature,1860.0,5.3,1.4,0.84,5.9,6.2,0,"Plant-based foods and beverages, Plant-based foods, Snacks, Cereals and potatoes, Salty snacks, Appetizers, Chips and fries, Crisps, Crisps made from reconstituted potato, en:potato-crisps","en:belgium, en:france, en:reunion",3168930002987,4,73,31.6,4.0,Good
American Sandwich Nature,1172.0,7.7,0.4,1.1,7.6,3.9,0,"Plant-based foods and beverages, Plant-based foods, Cereals and potatoes, Sandwiches, Breads, Sliced breads",en:france,3228857000838,4,76,32.800000000000004,4.0,Good
V√©ritable petit beurre,1832.0,23.0,7.5,1.39,8.0,3.0,0,"Snacks, Snacks sucr√©s, Biscuits et g√¢teaux, Biscuits, Petits beurres","en:france, en:guadeloupe, en:reunion, en:switzerland",7622210988034,1,75,30.6,4.0,Good
C√©leri r√©moulade au fromage blanc,577.0,2.0,1.0,0.88,2.0,3.0,0,"Plant-based foods and beverages, Plant-based foods, Meals, Prepared vegetables, Celeriac in remoulade sauce",en:france,3083681148640,5,78,34.2,4.0,Good
Wraps,1264.0,2.1,1.2,1.0,9.1,1.6,0,"Plant-based foods and beverages,Plant-based foods,Cereals and potatoes,Breads,Flatbreads,White breads,Wheat breads,Wheat flatbreads","en:france, en:spain, en:switzerland",8410076472953,4,76,32.800000000000004,4.0,Good
Snack popp√© T&H,1700.0,6.19,0.952,2.2,16.2,8.57,0,"Snacks, Snacks sal√©s, Amuse-gueules, Biscuits ap√©ritifs, Biscuits ap√©ritifs souffl√©s, en:Ap√©ritif, en:Biscuits ap√©ritifs, en:Snacks sal√©s",en:france,3245550078681,3,72,30.6,4.0,Good
petit d√©jeuner miel et p√©pites de chocolat,1864.0,28.0,2.5,0.69,7.3,5.7,0,"Snacks,Petit-d√©jeuners,Snacks sucr√©s,Biscuits et g√¢teaux,Biscuits,Biscuits secs,Biscuit aux c√©r√©ales pour petit d√©jeuner enrichis en vitamines et min√©raux","en:belgium, en:france, en:germany, en:poland, en:switzerland, en:united-kingdom",16811207,2,81,33.6,4.0,Good
Oat flakes,1566.0,0.7,1.3,0.0,14.0,10.0,0,"Plant-based foods and beverages,Plant-based foods,Breakfasts,Cereals and potatoes,Cereals and their products,Breakfast cereals,Flakes,Cereal flakes,Rolled flakes,Rolled oats","en:belgium, en:france, en:greece, en:guadeloupe, en:italy, en:morocco, en:poland, en:romania, en:spain",3560070614202,5,76,33.400000000000006,4.0,Good
Tartimiel¬Æ Lune de Miel¬Æ doseur 250 g,1339.0,80.0,0.0,5e-05,0.0,0.0,0,"Plant-based foods and beverages, Plant-based foods, Breakfasts, Spreads, Sweet spreads, Bee products, Farming products, Sweeteners, Honeys, Liquid honeys, en:flower-honeys","en:france, en:reunion, en:switzerland",3088540004440,2,76,31.6,4.0,Good
Seed Sensations,1160.0,4.09,0.682,0.932,10.0,5.68,0,"Plant-based foods and beverages, Plant-based foods, Cereals and potatoes, Breads, Sliced breads, Multigrain sliced breads","en:france, en:united-kingdom",5010003064744,5,78,34.2,4.0,Good
Grilletines bl√© complet,1760.0,7.3,2.0,0.87,13.0,6.7,0,"Plant-based foods and beverages,Plant-based foods,Cereals and potatoes,Breads,Rusks,Toasts,Toasted bread rolls",en:france,3182180002115,4,79,34.0,4.0,Good
Bio biscuits s√©same,2015.0,20.0,2.3,0.5,9.6,4.7,0,"Snacks, Snacks sucr√©s, Biscuits et g√¢teaux, Biscuits",en:france,20842499,3,74,31.400000000000002,4.0,Good
Biscuits BIO NUTRI + √† l'avoine complet,1858.0,16.0,1.4,0.35,9.1,7.5,0,"Snacks, Breakfasts, Sweet snacks, Biscuits and cakes, Biscuits, Dry biscuits, Breakfast biscuit, Oatmeal cookies",en:france,3229820794532,4,74,32.0,4.0,Good
Toast brioch√©,1842.0,10.0,5.0,1.09,14.0,3.4,0,"Plantaardige levensmiddelen en dranken,Plantaardige levensmiddelen,Snacks,Granen en aardappels,Zoete snacks,en:Sweet pastries and pies,Broden,Viennoiseries,Brioches,Beschuiten,Toasts",en:france,3392460488809,2,89,36.800000000000004,4.0,Good
Pringles Original,2253.0,1.4,6.6,1.1,5.9,3.5,0,"Snacks,Snacks sal√©s,Amuse-gueules,Chips et frites,Chips,Tuiles sal√©es","en:belgium, en:denmark, en:france, en:germany, en:italy, en:netherlands, en:nigeria, en:spain",5053990127726,2,74,30.8,4.0,Good
Maizena Fleur de Ma√Øs Sans Gluten 400g,1487.0,0.5,0.1,0.01,0.5,1.0,0,"Plant-based foods and beverages, Plant-based foods, Cereals and potatoes, Cereals and their products, Starches, Cereal starches, Corn starch, en:cooking-helpers","en:belgium, en:canada, en:france, en:germany, en:martinique, en:reunion, en:switzerland",8712100338694,3,85,35.8,4.0,Good
Pomme de terre nature,2250.0,0.5,3.7,1.1,6.2,3.9,0,"Aliments et boissons √† base de v√©g√©taux, Aliments d'origine v√©g√©tale, Snacks, C√©r√©ales et pommes de terre, Snacks sal√©s, Amuse-gueules, Chips et frites, Surgel√©s, Chips, Chips de pommes de terre, Chips √† l'ancienne, Chips de pommes de terre √† l'huile de tournesol",en:france,3168930167983,3,73,31.000000000000004,4.0,Good
Lightly sea salted crisps,1992.0,0.64,2.4,0.825,6.2,5.5,0,"Snacks, Aliments d'origine v√©g√©tale, Aliments et boissons √† base de v√©g√©taux, Amuse-gueules, Chips, Chips de pommes de terre, Chips de pommes de terre classiques, Chips de pommes de terre √† l'huile de tournesol, Chips et frites, C√©r√©ales et pommes de terre, Snacks sal√©s, en:potato-crisps-in-sunflower-oil",en:france,5060042641000,4,83,35.6,4.0,Good
Chips de lentilles saveur tomate mozza,1915.0,3.7,1.8,1.5,13.0,5.3,0,"Snacks, Snacks sal√©s, Amuse-gueules, Chips et frites, Chips, Biscuits ap√©ritifs, Biscuits ap√©ritifs souffl√©s, Chips-de-lentilles",en:france,3336971805038,3,78,33.0,4.0,Good
14 Maxi Tranches complet sans sucres ajout√©s,1026.0,3.8,0.3,1.2,8.7,6.6,0,"Plant-based foods and beverages, Plant-based foods, Cereals and potatoes, Breads, Sliced breads, Wholemeal breads, Wholemeal sliced breads","en:france, en:suisse",3029330022428,5,83,36.2,4.0,Good
"Lu - Cracotte Original Wheat Slices, 250g (8.8oz)",1121.0,3.5,0.7,0.9825,9.3,5.3,0,"Plantaardige levensmiddelen en dranken,Plantaardige levensmiddelen,Snacks,Granen en aardappels,Knapperige broodproducten","en:belgium, en:france, en:luxembourg, en:netherlands, en:switzerland",3041090063114,5,73,32.2,4.0,Good
Biscottes 6 c√©r√©ales,1698.0,3.4,2.4,1.6,13.0,5.0,0,"Plant-based foods and beverages,Plant-based foods,Cereals and potatoes,Breads,Rusks,Multigrain rusks","en:belgium, en:france, en:reunion, en:switzerland",3392460480827,3,77,32.6,4.0,Good
Chips Recette Paysanne Nature,2148.0,0.5,3.2,1.3,6.2,3.9,0,"Snacks, Aliments d'origine v√©g√©tale, Aliments et boissons √† base de v√©g√©taux, Amuse-gueules, Chips, Chips de pommes de terre, Chips et frites, Chips paysannes, C√©r√©ales et pommes de terre, Snacks sal√©s, en:farmer-s-crisps",en:france,3168930168133,3,73,31.000000000000004,4.0,Good
Pain au lait bio x12 420g,1453.0,8.7,1.2,0.9,9.4,2.4,0,"Aliments et boissons √† base de v√©g√©taux,Aliments d'origine v√©g√©tale,Snacks,C√©r√©ales et pommes de terre,Snacks sucr√©s,Biscuits et g√¢teaux,en:Sweet pastries and pies,Pains,Viennoiseries,Pains au lait",en:france,3760049798890,4,83,35.6,4.0,Good
BjORG AMANDE ALMOND SANS SUGRES- NO SUGAR,102.0,0.5,0.2,0.05,0.7,0.5,0,"Plant-based foods and beverages, Beverages, Plant-based foods, Dairy substitutes, Milk substitutes, Nuts and their products, Plant-based beverages, Plant-based milk alternatives, Nut-based drinks, Almond-based drinks, Unsweetened plain almond-based drinks","en:belgium, en:cote-d-ivoire, en:france, en:french-polynesia, en:guadeloupe, en:martinique, en:morocco, en:new-caledonia, en:reunion, en:switzerland, en:united-kingdom",3229820787015,4,80,34.4,4.0,Good
Chips saveur fromage du Jura,2177.0,1.1,2.6,1.7,6.3,4.8,0,"Aliments et boissons √† base de v√©g√©taux,Aliments d'origine v√©g√©tale,Snacks,C√©r√©ales et pommes de terre,Snacks sal√©s,Amuse-gueules,Chips et frites,Chips,Chips de pommes de terre,Chips de pommes de terre aromatis√©es,en:Amuse-gueules,en:Chips de pommes de terre ondul√©es",en:france,3497917000907,3,82,34.6,4.0,Good
4 Baguettes viennoises 340g,1376.0,7.8,1.3,0.91,9.7,3.1,0,"Aliments et boissons √† base de v√©g√©taux, Aliments d'origine v√©g√©tale, Snacks, C√©r√©ales et pommes de terre, Snacks sucr√©s, en:Sweet pastries and pies, Viennoiseries, Pains brioch√©s",en:france,3760049790818,4,81,34.8,4.0,Good
Lightly Salted Low Fat Corn Cakes,1615.0,0.3,0.3,0.2,6.9,7.2,0,"Snacks, Salty snacks, Appetizers, Crackers, Puffed salty snacks, Puffed salty snacks made from maize, en:puffed-corn-cakes","en:france, en:united-kingdom",5013665111610,5,72,31.8,4.0,Good
Tartines craquantes √† la ch√¢taigne,1616.0,6.5,0.5,0.3,6.7,4.3,0,"Plant-based foods and beverages, Plant-based foods, Snacks, Cereals and potatoes, Extruded crispbreads, en:crispbreads",en:france,6175634,5,75,33.0,4.0,Good
Saveur Barbecue,1705.0,6.9,0.9,1.62,18.9,8.5,0,"Snacks, Snacks sal√©s, Amuse-gueules, Biscuits ap√©ritifs, en:biscuits-aperitifs-souffles","en:france, en:united-states",3245550078674,3,72,30.6,4.0,Good
Gnocchi √† po√™ler,801.0,1.5,0.3,1.1,5.0,2.6,0,"Plant-based foods and beverages,Plant-based foods,Cereals and potatoes,Gnocchi,Potato gnocchi,Cooked gnocchis",en:france,3240931548111,4,82,35.2,4.0,Good
Sabl√© Nature sans sucres,1776.0,0.0,1.2,0.22,6.0,5.2,0,"Snacks,Snacks sucr√©s,Biscuits et g√¢teaux,Biscuits,Biscuits sabl√©s","en:france, en:switzerland, en:united-states",3175681134904,5,55,25.0,3.5,Average
Seeded Batch,1220.0,2.62,1.31,0.944,10.7,5.9,0,"Plant-based foods and beverages, Plant-based foods, Cereals and potatoes, Breads, Sliced breads, Multigrain sliced breads","en:france, en:united-kingdom",5010044002552,5,68,30.200000000000003,3.5,Good
"Gerbl√© - Sugar Free Coconut Cookie, 132g (4.7oz)",1791.0,0.0,1.5,0.2,6.2,4.1,0,"‡∏Ç‡∏ô‡∏°-‡∏Ç‡∏≠‡∏á‡∏ß‡πà‡∏≤‡∏á,en:Sweet snacks,‡∏Ç‡∏ô‡∏°‡∏õ‡∏±‡∏á‡∏Å‡∏£‡∏≠‡∏ö‡πÅ‡∏•‡∏∞‡πÄ‡∏Ñ‡πä‡∏Å,en:Biscuits and crackers,‡∏ö‡∏¥‡∏™‡∏Å‡∏¥‡∏ï,‡πÄ‡∏Ñ‡πâ‡∏Å,en:Dry biscuits,en:Shortbread cookies,en:Biscuit with reduced sugar,fr:Biscuits √©dulcor√©s","en:belgium, en:france, en:thailand",3175681116832,5,54,24.6,3.5,Average
Cranberry saveur amande,1878.0,18.0,1.4,0.29,7.8,6.0,0,"Snacks, Snacks sucr√©s, Biscuits et g√¢teaux, Biscuits","en:france, en:reunion",3175681257542,4,70,30.4,3.5,Good
Tartelettes citron,1895.0,41.0,8.7,0.3,6.0,1.7,0,"Snacks, Snacks sucr√©s, Biscuits et g√¢teaux, Biscuits, Tartelettes √† la pr√©paration de fruits","en:belgium, en:france, en:germany, en:switzerland",3178530402988,1,68,27.800000000000004,3.5,Good
brioche tress√©e,1431.0,14.0,5.0,0.905,8.0,2.6,0,"Snacks, Snacks sucr√©s, Viennoiseries, Brioches, Brioches tress√©es",en:france,3256540001787,2,59,24.8,3.5,Average
Tasty Wholemeal Medium,920.0,4.0,0.5,0.888,10.0,6.75,0,"Plant-based foods and beverages, Plant-based foods, Cereals and potatoes, Breads, Sliced breads","en:france, en:united-kingdom",5010003000339,5,67,29.8,3.5,Good
Sticks et bretzels d'Alsace,1652.0,3.2,2.4,2.8,10.0,6.2,0,"Snacks, Snacks sal√©s, Amuse-gueules, Biscuits ap√©ritifs, Bretzels",en:france,3027030011810,2,66,27.6,3.5,Good
Pringles,2234.0,1.4,3.4,1.4,3.8,2.6,0,"Plant-based foods and beverages,Plant-based foods,Snacks,Salty snacks,Appetizers,Chips and fries,Crisps,Salty snacks made from potato,–ß–∏–ø—Å","en:armenia, en:belarus, en:belgium, en:bosnia-and-herzegovina, en:bulgaria, en:croatia, en:france, en:hungary, en:kuwait, en:morocco, en:poland, en:romania, en:russia, en:serbia, en:switzerland",5053990101573,2,72,30.0,3.5,Good
Cracotte Gourmande,1628.0,12.0,1.0,1.4,12.0,2.8,0,"Aliments et boissons √† base de v√©g√©taux, Aliments d'origine v√©g√©tale, Snacks, C√©r√©ales et pommes de terre, Tartines craquantes extrud√©es","en:belgium, en:france, en:reunion",3041090063152,3,66,28.200000000000003,3.5,Good
Le petit Gerbl√© nature,1879.0,18.0,1.3,0.19,10.0,5.3,0,"Snacks, Snacks sucr√©s, Biscuits et g√¢teaux, Biscuits",en:france,3175681280502,5,64,28.6,3.5,Good
Carres graines pepites de chocolat,2117.0,28.9,10.8,0.6,8.7,4.5,0,"Snacks, Snacks sucr√©s, Biscuits et g√¢teaux, Biscuits, Biscuits au chocolat, Biscuits au chocolat noir",en:france,4056489041160,1,65,26.6,3.5,Good
sea salt & cider vinegar chips,2120.0,2.5,3.33,1.77,6.33,5.1,0,"Aliments et boissons √† base de v√©g√©taux, Aliments d'origine v√©g√©tale, Snacks, C√©r√©ales et pommes de terre, Snacks sal√©s, Amuse-gueules, Chips et frites, Chips, Chips de pommes de terre, Chips au sel et vinaigre, Chips de pommes de terre √† l'huile de tournesol","en:france, en:germany, en:switzerland, en:united-kingdom",5060042641406,2,68,28.400000000000002,3.5,Good
huile d‚Äôolive vierge extra,3700.0,0.0,16.0,0.0,0.0,0.0,0,"en:Plant-based foods and beverages,en:Plant-based foods,Ê≤πËÑÇ,Ê§çÁâ©ÊÄßÊ≤πËÑÇ,en:Olive tree products,Ê§çÁâ©Ê≤π,„Ç™„É™„Éº„Éñ„Ç™„Ç§„É´,„Ç®„Ç≠„Çπ„Éà„É©„É¥„Ç°„Éº„Ç∏„É≥„Ç™„É™„Éº„Éñ„Ç™„Ç§„É´","en:france, en:reunion",8410179012230,3,59,25.400000000000002,3.5,Average
Sabl√©s beurr√© nantais,1939.0,26.0,11.0,1.4,6.9,2.6,0,"Snacks,Zoete snacks,Koekjes en cakes,Koekjes,Zandkoekjes","en:france, en:germany, en:switzerland",3017760000406,1,62,25.400000000000002,3.5,Good
La paille d‚Äôor aux framboises,1539.0,53.0,0.2,0.12,4.3,2.4,0,"Snacks, Sweet snacks, Biscuits and cakes, Biscuits","en:belgium, en:france, en:switzerland",7622210422163,2,57,24.0,3.5,Average
TUC Original,2063.0,11.0,1.7,1.72,8.8,2.8,0,"Snacks, Salty snacks, Appetizers, Meals, Crackers","en:france, en:hungary, en:romania",5410041435702,2,67,28.0,3.5,Good
Pringles original,2252.0,1.4,6.6,1.1,5.9,3.5,0,"Snacks, Snacks sal√©s, Amuse-gueules, Chips et frites, Chips, Tuiles sal√©es","en:france, en:switzerland",5053990156061,2,72,30.0,3.5,Good
Excellence Noir Orange Intense Aux amandes effil√©es,2229.0,46.0,17.0,0.08,7.0,0.0,0,"Snacks,Sweet snacks,Cocoa and its products,Chocolates,Dark chocolates,Chocolates with almonds,Dark chocolate bar,Dark chocolates with orange","en:canada, en:france",3046920022705,1,70,28.6,3.5,Good
Toblerone,2209.0,60.0,17.0,0.12,5.6,2.4,0,"Botanas,Snacks dulces,Cacao y sus productos,Dulces,Dulces de chocolate,Chocolates,Chocolates con leche,Chocolates con almendras,en:Flavoured chocolates,en:Flavoured milk chocolates,Barra de chocolate con leche y nougat,en:Swiss chocolates","en:australia, en:belgium, en:bolivia, en:denmark, en:finland, en:france, en:germany, en:italy, en:norway, en:poland, en:spain, en:sweden, en:switzerland, en:thailand",7614500010013,1,70,28.6,3.5,Good
Nutri+ avoine chocolat,1900.0,17.0,3.2,0.61,8.2,7.6,0,"Snacks,Sweet snacks,Biscuits and cakes,Biscuits,Chocolate biscuits,Oatmeal cookies",en:france,3229820794525,3,61,26.200000000000003,3.5,Good
Chamonix,1460.0,44.0,0.1,0.01,4.0,1.6,0,"Snacks, Snacks sucr√©s, Biscuits et g√¢teaux, Biscuits, Biscuits fourr√©s","en:france, en:switzerland",3017760819121,2,62,26.0,3.5,Good
Crunchy Organic Peanut Butter,2489.0,5.3,8.8,1.0,27.2999992371,7.3,0,"Plant-based foods and beverages, Plant-based foods, Legumes and their products, Spreads, Nuts and their products, Plant-based spreads, Oilseed purees, Legume butters, Nut butters, Peanut butters, Crunchy peanut butters","en:france, en:united-kingdom",5013665108320,3,68,29.000000000000004,3.5,Good
Cracotte framboise,1586.0,33.0,2.3,0.24,5.0,1.8,0,"Snacks,Sweet snacks,Biscuits and cakes,Biscuits,Filled biscuits,Filled extruded crispbreads,Extruded and grilled biscuits with fruits filling",en:france,3041090061639,2,60,25.2,3.5,Average
Primev√®re doux sans huile de palme,2372.0,0.1,17.0,0.35,0.1,0.0,0,"Plant-based foods and beverages, Plant-based foods, Fats, Spreads, Plant-based spreads, Salted spreads, Spreadable fats, Vegetable fats, Margarines, Light margarines",en:france,3155251204350,2,71,29.6,3.5,Good
Rich and indulgent Hazelnut,122.0,3.2,0.2,0.14,0.4,0.3,0,"Beverages and beverages preparations,Plant-based foods and beverages,Beverages,Plant-based foods,Dairy substitutes,Milk substitutes,Nuts and their products,Plant-based beverages,Plant-based milk alternatives,Nut-based drinks,Hazelnut-based drinks","en:belgium, en:czech-republic, en:finland, en:france, en:germany, en:italy, en:sweden, en:switzerland, en:united-kingdom",5411188110842,4,69,30.0,3.5,Good
P'tit Nature Complet,1750.0,20.0,0.8,0.45,7.6,7.6,0,"Snacks,Snacks sucr√©s,Biscuits et g√¢teaux,Biscuits,G√¢teaux","en:belgium, en:france, en:french-polynesia, en:luxembourg, en:morocco, en:switzerland",3229820021027,4,70,30.4,3.5,Good
Galettes de riz bio,2025.0,27.0,15.0,0.29,7.0,0.0,0,"Plant-based foods and beverages, Plant-based foods, Cereals and potatoes, Cereals and their products, Cr√™pes and galettes, Puffed cereal cakes, Galettes, Puffed rice cakes, Puffed rice cakes with milk chocolate",en:france,20116712,1,74,30.200000000000003,3.5,Good
Diet Nature Digestive sin az√∫cares,1799.0,0.5,1.5,0.88,6.2,6.5,0,"Snacks, Sweet snacks, Biscuits and cakes, Biscuits","en:andorra, en:france, en:morocco, en:portugal, en:senegal, en:spain, en:francia",8410376023831,4,54,24.0,3.5,Average
Brioche tranch√©e nature ss additif,1440.0,13.9,4.3,1.1,8.4,5.1,0,"Snacks, Snacks sucr√©s, Viennoiseries, Brioches, Brioches tranch√©es, Brioches natures",en:france,3228857001323,3,58,25.000000000000004,3.5,Average
Roudor,2154.0,26.0,17.0,1.1,6.2,2.0,0,"Snacks, Snacks sucr√©s, Biscuits et g√¢teaux, Biscuits, Biscuits sabl√©s, Palets","en:belgium, en:france, en:switzerland",3023470020016,1,63,25.800000000000004,3.5,Good
"Gerbl√© - Sugar Free Lemon Yuzu Shortbread, 132g (4.7oz)",1775.0,0.0,1.2,0.22,6.0,5.1,0,"Snacks, Snacks sucr√©s, Biscuits et g√¢teaux, Biscuits, G√¢teaux, Biscuits sabl√©s","en:belgium, en:france, en:switzerland",3175681134935,5,54,24.6,3.5,Average
Biscuits Soja Figue,1870.0,17.0,1.7,0.36,12.0,5.6,0,"Snacks,Snacks sucr√©s,Biscuits et g√¢teaux,Biscuits","en:belgium, en:france, en:morocco, en:reunion, en:switzerland",3175681851863,4,59,26.0,3.5,Average
Melloeux Fruit Rouges,1620.0,22.0,1.1,0.34,5.3,7.2,0,"Lanches comida,Lanches doces,Biscoitos e Bolos,en:Biscuits and crackers,Biscoitos","en:belgium, en:france, en:portugal, en:reunion, en:switzerland",7622210444127,4,54,24.0,3.5,Average
"Gerbl√© - Sugar Free Sesame Vanilla Cookie, 132g (4.7oz)",1850.0,0.5,1.7,0.725,8.1,4.3,0,"Snacks, Snacks sucr√©s, Biscuits et g√¢teaux, Biscuits",en:france,3175681116863,4,54,24.0,3.5,Average
Galettes au bon beurre bio,1914.0,27.0,9.1,0.91,7.9,2.6,0,"Snacks, Snacks sucr√©s, Biscuits et g√¢teaux, Cr√™pes et galettes, Biscuits, Galettes, Galette-au-beurre",en:france,3178530416541,1,74,30.200000000000003,3.5,Good
No Added Sugar Muesli imp,1569.0,16.0,0.9,0.29,11.0,7.8,0,"Plant-based foods and beverages, Plant-based foods, Breakfasts, Cereals and potatoes, Cereals and their products, Breakfast cereals, Cereals with fruits, Mueslis, Mueslis with fruits","en:france, en:germany, en:united-kingdom",5010029219326,5,67,29.8,3.5,Good
Confiture Fraises,1008.0,59.0,0.0,0.0,0.4,1.2,50,"Plant-based foods and beverages, Plant-based foods, Fruits and vegetables based foods, Breakfasts, Spreads, Fruits based foods, Plant-based spreads, Sweet spreads, Fruit and vegetable preserves, Jams, Berry jams, Strawberry jams","en:estonia, en:france",3045320001525,2,70,29.2,3.5,Good
"Fruit D‚Äôor Riche En Om√©ga 3 (sans Huile De Palme, 100% V√©g√©tal)",1850.0,0.0,10.0,0.4925,0.0,0.0,0,"Plant-based foods and beverages, Plant-based foods, Fats, Spreads, Plant-based spreads, Salted spreads, Spreadable fats, Vegetable fats, Margarines, Light margarines, Unsalted margarines",en:france,8719200031524,3,62,26.6,3.5,Good
Ice tea,56.0,3.0,0.0,0.03,0.0,0.0,0,"Beverages, Frozen foods, Artificially sweetened beverages, Tea-based beverages, Iced teas, Still soft drink with tea extract, en:sweetened-beverages",en:france,3168930171058,3,62,26.6,3.5,Good
Chocolat noir d√©gustation aux √©clats de framboise (70% cacao),2293.0,29.0,23.6,0.03,8.0,0.0,0,"Snacks,Sweet snacks,Cocoa and its products,Chocolates,Dark chocolates,Dark chocolates with raspberries","en:france, en:italy, en:portugal, en:spain, en:switzerland, en:united-kingdom",20177201,1,64,26.200000000000003,3.5,Good
Strawberry Jam,1023.0,59.0,0.0,0.0,0.4,1.2,0,"Plant-based foods and beverages, Plant-based foods, Fruits and vegetables based foods, Breakfasts, Spreads, Fruits based foods, Plant-based spreads, Sweet spreads, Fruit and vegetable preserves, Jams, Berry jams, Strawberry jams","en:france, en:switzerland, en:united-kingdom",3045320094008,3,71,30.200000000000003,3.5,Good
Sticks Bretzels d'Alsace L'original,1636.0,3.2,2.4,2.8,10.0,6.2,0,"Snacks,Snacks sal√©s,Amuse-gueules,Biscuits ap√©ritifs,Bretzels",en:france,3027030011766,2,70,29.2,3.5,Good
Fourr√©s chocolat au lait,2037.0,30.0,7.2,0.52,7.5,3.8,0,"Snacks, Snacks sucr√©s, Biscuits et g√¢teaux, Biscuits, Biscuits au chocolat, Biscuits fourr√©s, Biscuits au chocolat au lait","en:france, en:japan, en:switzerland",3229820181950,2,70,29.2,3.5,Good
Chickpeas in Water,531.0,0.5,0.3,0.025,6.7,5.1,0,"Plant-based foods and beverages, Plant-based foods, Legumes and their products, Canned foods, Legumes, Seeds, Canned plant-based foods, Legume seeds, Pulses, Chickpeas, Canned legumes, Canned chickpeas","en:france, en:germany, en:united-kingdom",20475598,5,68,30.200000000000003,3.5,Good
Fourr√©s chocolat lait noisettes,2190.0,28.0,7.6,0.56,8.0,4.0,0,"Snacks, Desserts, Snacks sucr√©s, Biscuits et g√¢teaux, Biscuits, Biscuits au chocolat, Biscuits fourr√©s",en:france,3229820783673,2,70,29.2,3.5,Good
Cracotte fibres,1540.0,6.3,1.1,1.4,11.0,11.0,0,"Plant-based foods and beverages,Plant-based foods,Snacks,Cereals and potatoes,Extruded crispbreads",en:france,7622300694678,3,61,26.200000000000003,3.5,Good
Go√ªter aux raisins,1817.0,21.0,1.3,0.0,9.4,6.4,0,"Snacks, Snacks sucr√©s, Biscuits et g√¢teaux, Biscuits, Biscuits secs","en:belgium, en:france, en:reunion, en:switzerland",3251491787810,4,63,27.6,3.5,Good
S√©same,1961.0,17.0,2.0,0.38,10.0,4.6,0,"Snacks,Snacks sucr√©s,Biscuits et g√¢teaux,Biscuits sucr√©s & biscuits ap√©ritifs,Biscuits",en:france,3175680011480,4,57,25.2,3.5,Average
Fresh Square 0% - Plain,327.0,1.5,0.1,1.5,17.5,0.0,0,"Dairies,Fermented foods,Fermented milk products,Cheeses,Cream cheeses,Fromages,Fromages √† la cr√®me,Produits ferment√©s,Produits laitiers,Produits laitiers ferment√©s",en:france,3480341000674,4,55,24.4,3.5,Average
Biscuit soja orange,1866.0,18.0,1.4,0.36,11.0,4.9,0,"Snacks,Petit-d√©jeuners,Snacks sucr√©s,Biscuits et g√¢teaux,Biscuits sucr√©s & biscuits ap√©ritifs,Biscuits,Biscuits croustillants,Biscuit sec croquant all√©g√© en mati√®re grasse,Biscuits secs,Biscuits sabl√©s,Biscuit sec pour petit d√©jeuner,Biscuit sec aux fruits","en:france, en:guadeloupe, en:martinique, en:reunion",3175680011442,4,64,28.0,3.5,Good
Monaco,2303.0,5.6,18.0,2.1,12.0,2.4,0,"Snacks,Snacks sal√©s,Amuse-gueules,Biscuits ap√©ritifs","en:belgium, en:france, en:reunion, en:switzerland",7622210998095,1,66,27.000000000000004,3.5,Good
Brioche Tranch√©e Bio 400g,1413.0,13.0,0.9,0.95,8.8,3.9,0,"Snacks,Breakfasts,Sweet snacks,Sweet pastries and pies,Viennoiseries,Brioches,Pure butter brioche,fr:Brioches tranch√©es",en:france,3284230006408,4,69,30.0,3.5,Good
Doce Extra Morango,1008.0,57.7,0.1,0.01,0.1,0.5,0,"Plant-based foods and beverages,Plant-based foods,Fruits and vegetables based foods,Breakfasts,Spreads,Fruits based foods,Plant-based spreads,Sweet spreads,Fruit and vegetable preserves,Jams,Berry jams,Marmalades,Strawberry jams","en:belgium, en:china, en:croatia, en:france, en:germany, en:poland",20000653,2,63,26.400000000000002,3.5,Good
Pains au lait x10,1485.0,11.0,4.0,1.1,8.6,3.5,0,"Snacks,Snacks sucr√©s,en:Sweet pastries and pies,Viennoiseries,Pains au lait","en:belgium, en:france, en:switzerland, en:united-kingdom, en:united-states",3256540000698,3,71,30.200000000000003,3.5,Good
Barista Hafer,257.0,3.4,0.3,0.1,1.1,0.8,0,"Beverages and beverages preparations,Plant-based foods and beverages,Beverages,Plant-based foods,Cereals and potatoes,Dairy substitutes,Cereals and their products,Milk substitutes,Plant-based beverages,Plant-based milk alternatives,Cereal-based drinks,Oat-based drinks","en:france, en:germany, en:netherlands, en:poland, en:switzerland, en:united-kingdom",7394376616501,4,63,27.6,3.5,Good
Fourr√©s - Chocolat Noir,2017.0,27.0,6.9,0.49,7.6,5.3,0,"Snacks, Snacks sucr√©s, Biscuits et g√¢teaux, Biscuits, Biscuits au chocolat, Biscuits fourr√©s, Biscuits au chocolat noir","en:france, en:luxembourg, en:switzerland",3229820100234,2,70,29.2,3.5,Good
Biscuits pavot citron,1905.0,16.0,1.4,0.36,8.9,5.0,0,"Snacks,Snacks sucr√©s,Biscuits et g√¢teaux,Biscuits sucr√©s & biscuits ap√©ritifs,Biscuits","en:france, en:reunion, en:switzerland",3175681066632,4,61,26.8,3.5,Good
Figue & son,1883.0,16.0,1.7,0.19,9.3,13.0,0,"Snacks,Snacks sucr√©s,Biscuits et g√¢teaux,Biscuits sucr√©s & biscuits ap√©ritifs,Biscuits,Biscuits au son de bl√©,Biscuits au son de bl√© et la figue","en:belgium, en:france, en:french-polynesia, en:martinique, en:morocco, en:reunion, en:switzerland",3251490332080,5,60,27.0,3.5,Average
Biscuit raisins,1856.0,17.0,1.2,0.2,8.3,5.1,0,"Snacks,en:biscuits-aux-fruits,en:biscuits-et-gateaux,en:snacks-sucres,Biscuit sec aux fruits",en:france,3175681851856,5,60,27.0,3.5,Average
V√©ritable Petit Beurre Pocket,1852.0,23.0,7.5,1.3,8.1,3.8,0,"Snacks,Sweet snacks,Biscuits and cakes,Biscuits,Petit-Beurre","en:belgium, en:france, en:guadeloupe, en:lebanon, en:reunion, en:switzerland",3017760000062,2,72,30.0,3.5,Good
La Biscotte 96% de c√©r√©ales,1707.0,6.8,3.4,1.18,11.0,3.5,0,"Plant-based foods and beverages,Plant-based foods,Cereals and potatoes,Breads,Rusks","en:france, en:reunion",7622210416629,2,66,27.6,3.5,Good
Pomme üçè üçé Noisetteü•ú,1902.0,11.0,1.5,0.01,9.8,6.6,0,"Snacks,Snacks sucr√©s,Biscuits et g√¢teaux,Biscuits,Biscuits secs","en:belgium, en:france, en:french-polynesia, en:germany, en:guadeloupe, en:martinique, en:morocco, en:reunion, en:switzerland",3175681851849,5,60,27.0,3.5,Average
Carr√© Frais - Nature,802.0,2.5,11.0,1.2,12.0,0.0,0,"Dairies,Fermented foods,Fermented milk products,Cheeses,Spreads,Salted spreads,Pasteurised products,Pasteurized cheeses,Cheese spreads","en:france, en:reunion",3480341000636,2,57,24.0,3.5,Average
Biscuits Germe de Bl√© et P√©pites de Chocolat,1956.0,21.0,2.8,0.69,9.1,4.2,0,"Snacks, Snacks sucr√©s, Surgel√©s, Biscuits et g√¢teaux, Biscuits, Biscuits au chocolat",en:france,4056489369134,3,56,24.200000000000003,3.5,Average
Caprice des dieux,1379.0,0.1,21.0,1.4,15.0,0.0,0,"Produits laitiers,Produits ferment√©s,Produits laitiers ferment√©s,Fromages,en:Soft cheeses,Fromages de vache,Fromages √† p√¢te molle √† cro√ªte fleurie,Fromages de France,Fromages pasteuris√©s,Fromages √† p√¢te molle √† cro√ªte naturelle,Fromages √† p√¢te molle √† cro√ªte lav√©e","en:egypt, en:france, en:germany, en:morocco, en:spain, en:switzerland",3161711001971,2,57,24.0,3.5,Average
Sabl√©s Anglais L'Original,2025.0,15.1,10.1,1.3,7.0,3.7,0,"Snacks,Snacks sucr√©s,Biscuits et g√¢teaux,Biscuits sucr√©s & biscuits ap√©ritifs,Biscuits,Biscuits sabl√©s","en:france, en:reunion, en:switzerland, en:united-kingdom",5000168198491,1,63,25.800000000000004,3.5,Good
Sour Cream & Onion,2191.0,2.7,6.4,1.3,6.0,3.4,0,"Lanches comida,Petiscos salgados,Aperitivos,en:Chips and fries,en:Crisps,en:Salty snacks made from potato","en:france, en:germany, en:italy, en:martinique, en:mauritius, en:portugal, en:reunion, en:thailand",5053990155354,2,67,28.0,3.5,Good
Chipster,1977.0,0.7,9.2,3.0,4.3,4.0,0,"Snacks, Salty snacks, Appetizers, Crackers, Puffed salty snacks, Puffed salty snacks made from potato","en:canada, en:france, en:guadeloupe, en:switzerland",3056440083193,1,61,25.000000000000004,3.5,Good
V√©ritable Petit Beurre üßà,1850.0,23.2,8.0,1.4,8.0,3.2,0,"Snacks,Sweet snacks,Biscuits and cakes,Biscuits,Petit-Beurre,fr:Alimentaire","en:france, en:switzerland",7622210476104,1,63,25.800000000000004,3.5,Good
Organic - Lightly Salted - Wholegrain Low Fat - Rice Cakes imp,1648.0,0.5,0.7,0.295,8.5,0.0,0,"Plant-based foods and beverages,Plant-based foods,Cereals and potatoes,Cereals and their products,Puffed cereal cakes,Puffed rice cakes,Puffed wholegrain rice cakes","en:france, en:united-kingdom",5013665100065,4,69,30.0,3.5,Good
Beurre bio cacahu√®te,2575.0,5.8,6.8,0.03,26.0,8.3,0,"Plant-based foods and beverages, Plant-based foods, Legumes and their products, Spreads, Plant-based spreads, Oilseed purees, Legume butters, Peanut butters, en:nut-butters",en:france,3760091727732,5,66,29.400000000000002,3.5,Good
Ger√∂stete Mandel Ohne Zucker,56.0,0.0,0.1,0.14,0.4,0.3,0,"en:Beverages and beverages preparations,Alimentos e bebidas √† base de plantas,Bebidas,Alimentos √† base de plantas,en:Dairy substitutes,Substitutos do leite,Nozes e seus produtos,Bebidas √† base de plantas,Leites de planta,Leites de frutos secos,Bebidas de am√™ndoa","en:albania, en:austria, en:belgium, en:croatia, en:finland, en:france, en:germany, en:greece, en:hungary, en:ireland, en:israel, en:luxembourg, en:netherlands, en:norway, en:poland, en:portugal, en:reunion, en:romania, en:spain, en:sweden, en:switzerland, en:united-kingdom",5411188112709,4,69,30.0,3.5,Good
Cracotte C√©r√©ales Compl√®tes,1595.0,8.1,1.0,1.6,11.0,7.5,0,"Aliments et boissons √† base de v√©g√©taux,Aliments d'origine v√©g√©tale,Snacks,C√©r√©ales et pommes de terre,Tartines craquantes extrud√©es","en:belgium, en:france, en:luxembourg, en:reunion, en:switzerland",3041090063206,3,64,27.400000000000002,3.5,Good
Cookieüç™ cacao p√©pites Sans Sucre,186.0,0.0,0.4,0.02,0.9,1.0,0,"Snacks,Sweet snacks,Biscuits and cakes,Biscuits,Chocolate biscuits","en:belgium, en:france, en:french-polynesia",3175681105423,5,55,25.0,3.5,Average
Tartine & Cuisson 100% v√©g√©tal,2368.0,0.0,17.0,0.3,0.0,0.0,0,"Plant-based foods and beverages, Plant-based foods, Fats, Spreads, Plant-based spreads, Salted spreads, Spreadable fats, Vegetable fats, Margarines, Light margarines",en:france,3155251205319,2,62,26.0,3.5,Good
Digestive Avena Choco,1995.0,22.0,4.8,1.0,7.6,6.5,0,"Snacks,Sweet snacks,Biscuits and cakes,Biscuits and crackers,Biscuits,Chocolate biscuits,Wafers,Oatmeal cookies","en:andorra, en:france, en:italy, en:morocco, en:portugal, en:romania, en:spain, en:tunisia",8410376026962,2,62,26.0,3.5,Good
Primev√®re,2037.0,0.0,14.0,0.4,0.0,0.0,0,"Plant-based foods and beverages, Plant-based foods, Fats, Spreads, Plant-based spreads, Salted spreads, Spreadable fats, Vegetable fats, Margarines, en:light-margarines",en:france,3155250358788,3,69,29.400000000000002,3.5,Good
Oat Drink Barista Edition,255.0,4.0,0.3,0.0975,1.1,0.8,0,"Plant-based foods and beverages,Cereals and potatoes,Dairy substitutes,Milk substitutes,Plant-based beverages,Plant-based milk alternatives,Cereal-based drinks,Oat-based drinks","en:france, en:germany, en:ireland, en:united-kingdom",7394376616228,4,60,26.4,3.5,Average
Ohne Zucker Hafer,167.0,0.0,0.2,0.11,0.2,1.2,0,"Beverages and beverages preparations,Plant-based foods and beverages,Beverages,Plant-based foods,Cereals and potatoes,Dairy substitutes,Cereals and their products,Milk substitutes,Plant-based beverages,Plant-based milk alternatives,Cereal-based drinks,Oat-based drinks","en:belgium, en:finland, en:france, en:germany, en:hungary, en:italy, en:netherlands, en:portugal, en:spain, en:switzerland, en:turkey, en:united-kingdom",5411188124689,5,62,27.8,3.5,Good
Tuc Original,2021.0,7.1,9.0,1.7,8.3,2.4,0,"Imbiss,Salzige Snacks,Vorspeisen,en:Biscuits and crackers,Crackers","en:austria, en:belgium, en:denmark, en:estonia, en:finland, en:france, en:germany, en:italy, en:luxembourg, en:malta, en:morocco, en:netherlands, en:portugal, en:spain, en:sweden, en:switzerland",5410041001204,1,62,25.400000000000002,3.5,Good
Galettes au bon beurre,1976.0,26.0,10.0,0.87,7.4,2.2,0,"Snacks,Snacks sucr√©s,Biscuits et g√¢teaux,Biscuits,Biscuits secs,Biscuits sabl√©s,Biscuit sec au beurre,Sabl√©s au beurre","en:belgium, en:france, en:guadeloupe, en:italy, en:martinique, en:switzerland",3023470001015,1,69,28.200000000000003,3.5,Good
Oat,192.0,3.3,0.2,0.0775,0.8,1.4,0,"en:Beverages and beverages preparations,Alimentos e bebidas √† base de plantas,Bebidas,Alimentos √† base de plantas,Cereais e Batatas,en:Dairy substitutes,Cereais e seus produtos,Substitutos do leite,Bebidas √† base de plantas,Leites de planta,Leites de cereais,Bebidas n√£o ado√ßadas,Bebidas de aveia","en:belgium, en:czech-republic, en:france, en:germany, en:hungary, en:italy, en:united-kingdom",5411188115366,5,61,27.400000000000002,3.5,Good
Go√ªter 4S Saveur pommes,2150.0,12.2,1.67,0.111,9.11,6.11,0,"Snacks,Snacks sucr√©s,Biscuits et g√¢teaux,Biscuits,Biscuits aux fruits","en:france, en:luxembourg, en:reunion, en:switzerland",3175681209282,5,55,25.0,3.5,Average
Biscuits petit d√©jeuner moelleux aux p√©pites de chocolat,1678.0,20.0,3.2,0.57,65.9,6.9,0,"Snacks, Breakfasts, Sweet snacks, Biscuits and cakes, Biscuits, Dry biscuits, Breakfast biscuit with cereals fortified with vitamins and chemical elements, en:chocolate-biscuits","en:belgium, en:france, en:switzerland",7622210444141,3,63,27.000000000000004,3.5,Good
Biscuits with cocoa cream,2042.0,30.0,9.5,0.5,8.0,2.5,0,"Snacks,Sweet snacks,Biscuits and cakes,Biscuits","en:france, en:romania",5941194002331,1,47,19.400000000000002,3.0,Average
Biscuits Nutella B-ready x15 gaufrettes fourr√©es,2177.0,47.1,9.5,0.559,7.2,0.9,0,"Snacks, Snacks sucr√©s, Biscuits et g√¢teaux, Biscuits, en:Barres, en:Barres chocolat√©es, en:Barres chocolat√©es biscuit√©es, en:Biscuits et g√¢teaux, en:Cacao et d√©riv√©s, en:Confiseries, en:Confiseries chocolat√©es, en:Snacks sucr√©s",en:france,8000500223369,1,44,18.200000000000003,3.0,Average
Emmental r√¢p√©,1549.0,0.5,21.0,0.83,27.0,0.0,0,"Produits laitiers, Produits ferment√©s, Produits laitiers ferment√©s, Fromages, Fromages de vache, en:cooked-pressed-cheeses, Emmentals, Fromages r√¢p√©s, Emmentals r√¢p√©s","en:france, en:germany, en:japan",3228021170046,2,42,18.0,3.0,Average
NESTLE DESSERT Noir 205g,2283.0,46.4,20.2,0.01,6.0,7.3,0,"Snacks, Desserts, Snacks sucr√©s, Cacao et d√©riv√©s, Chocolats, Chocolats noirs",en:france,7613035040700,1,43,17.8,3.0,Average
Brioche moins de sucre,1354.0,9.3,1.1,1.0,8.4,7.2,0,"Aliments et boissons √† base de v√©g√©taux, Aliments d'origine v√©g√©tale, Snacks, C√©r√©ales et pommes de terre, Snacks sucr√©s, Pains, Viennoiseries, Brioches, Brioches tranch√©es, Brioches natures",en:france,3228857001378,3,49,21.400000000000002,3.0,Average
Baiocchi,2133.0,23.0,5.0,0.6,8.0,4.0,0,"Snacks,Sweet snacks,Biscuits and cakes,Biscuits,Chocolate biscuits,Shortbread cookies,fr:Biscuits-avec-fourrage-aux-noisettes-et-au-cacao","en:france, en:germany, en:italy, en:spain, en:switzerland",8076809573252,2,55,23.2,3.0,Average
St M√¥ret,851.0,3.0,13.2,1.2,8.3,0.0,0,"Dairies, Fermented foods, Fermented milk products, Cheeses, en:cheese-spreads",en:france,3272770098090,2,50,21.2,3.0,Average
Organic Crisp Bread,1851.0,2.4,4.2,1.8,18.0,10.0,0,"Aliments et boissons √† base de v√©g√©taux, Aliments d'origine v√©g√©tale, Produits laitiers, Produits ferment√©s, Snacks, C√©r√©ales et pommes de terre, Produits laitiers ferment√©s, Snacks sal√©s, Amuse-gueules, Fromages, Fromages de vache, Pains, en:cooked-pressed-cheeses, Biscuits ap√©ritifs, Emmentals, Pains croustillants","en:france, en:germany",4033634061020,3,53,23.000000000000004,3.0,Average
V√©ritable Petit √âcolier Chocolat au Lait,2084.0,39.0,14.0,0.63,6.2,2.8,0,"Snacks,Sweet snacks,Biscuits and cakes,Biscuits,Chocolate biscuits,Milk chocolate biscuits,Biscuit with a chocolate bar covering,Biscuit with a milk chocolate bar covering","en:algeria, en:belgium, en:france, en:switzerland",7622210421968,1,52,21.400000000000002,3.0,Average
Intense Dark Organic Chocolate,2512.0,14.0,30.0,0.13,10.0,13.0,0,"Snacks,Sweet snacks,Cocoa and its products,Chocolates,Dark chocolates,Chocolate bars","en:belgium, en:france, en:united-kingdom",7622210584724,2,54,22.8,3.0,Average
Granola L'original,2104.0,36.0,14.0,1.0,5.7,3.3,0,"Snacks, Snacks sucr√©s, Biscuits et g√¢teaux, Biscuits, Biscuits au chocolat, Cookies, Cookies au chocolat","en:france, en:switzerland",7622300689124,1,43,17.8,3.0,Average
"BN - Strawberry Cookies, 285g (10oz)",1665.0,32.0,3.7,0.48,5.3,2.5,0,"Snacks, Sweet snacks, Biscuits and cakes, Biscuits, Filled biscuits, Strawberry biscuits","en:belgium, en:france",3061990143372,2,54,22.8,3.0,Average
Chocolat noir Equateur Bio,2641.0,14.0,34.0,0.01,9.0,11.5,0,"Snacks,Sweet snacks,Cocoa and its products,Chocolates,Dark chocolates",en:france,20713713,2,49,20.8,3.0,Average
Chocolat noir 80% √âquateur intense et floral,2525.0,19.0,29.0,0.0,9.9,10.0,0,"Snacks, Snacks sucr√©s, Cacao et d√©riv√©s, Confiseries, Chocolats, Chocolats noirs, Chocolats noirs extra fin, Chocolat 80¬†%","en:france, en:spain, en:switzerland",3760091726667,2,49,20.8,3.0,Average
Weetabix Cereal imp,1515.0,4.1999998092651,0.60000002384186,0.28000000119209,12.0,10.0,0,"Plant-based foods and beverages, Plant-based foods, Breakfasts, Cereals and potatoes, Cereals and their products, Breakfast cereals","en:france, en:spain",5010029000504,5,40,19.0,3.0,Average
"Bonne Maman - Quatre Quarts, 500g (17.6oz)",1794.0,28.0,15.0,0.88,5.9,1.0,0,"Snacks, Desserts, Snacks sucr√©s, Biscuits et g√¢teaux, G√¢teaux, Quatre-quarts",en:france,3178530405736,1,54,22.200000000000003,3.0,Average
Grany Fraise üçì & Framboise,1720.0,4.44,0.6,0.653,5.56,0.8,0,"Snacks, Snacks sucr√©s, Barres, Barres de c√©r√©ales, Barres de c√©r√©ales aux fruits",en:france,3017760502399,3,55,23.8,3.0,Average
Gerbl√© cacao c√©r√©ales,1902.0,13.0,2.2,0.17,10.0,6.1,0,"Snacks, Snacks sucr√©s, Biscuits et g√¢teaux, Biscuits, Biscuits secs",en:france,3175681261372,5,50,23.0,3.0,Average
Belvita petit d√©jeuner go√ªt noisette et chocolat,1902.0,26.0,1.8,0.9,7.6,4.3,0,"Snacks, Snacks sucr√©s, Biscuits et g√¢teaux, Biscuits",en:france,3017760803991,3,44,19.400000000000002,3.0,Average
Brioche tranch√©e,1494.0,10.1,3.6,1.03,7.3,1.6,0,"Snacks,Snacks sucr√©s,en:Sweet pastries and pies,Viennoiseries,Brioches,Brioches tranch√©es",en:france,20840273,2,50,21.2,3.0,Average
Figolu,1680.0,50.0,3.75,0.000938,4.69,3.12,0,"Snacks, Snacks sucr√©s, Biscuits et g√¢teaux, Biscuits, Biscuits fourr√©s, Biscuits sec fourr√© √† la p√¢te de fruits","en:france, en:guadeloupe",7622201133337,2,49,20.8,3.0,Average
Coco Sans Sucres,59.0,0.0,1.1,0.07,0.1,0.0,0,"en:Beverages and beverages preparations,Alimentos e bebidas √† base de plantas,Bebidas,en:Dairy substitutes,Substitutos do leite,Bebidas √† base de plantas,Leites de planta,Produtos pasteurizados,Bebidas de coco","en:belgium, en:croatia, en:france, en:germany, en:hungary, en:italy, en:portugal, en:romania, en:slovenia, en:spain, en:switzerland, en:united-kingdom",5411188128311,4,40,18.4,3.0,Average
Tartine doux,2033.0,0.0,15.0,0.4,0.0,0.0,0,"Plant-based foods and beverages, Plant-based foods, Fats, Spreads, Plant-based spreads, Salted spreads, Spreadable fats, Vegetable fats, Margarines, Light margarines",en:france,3155251205302,3,51,22.200000000000003,3.0,Average
Nestl√© Dessert,2285.0,46.4,20.2,0.01,6.0,7.3,0,"Snacks,Desserts,Sweet snacks,Cocoa and its products,Chocolates,Dark chocolates,Dark chocolate bar,Dark chocolate bar for cooking with more than 40% cocoa","en:belgium, en:france, en:germany, en:reunion, en:switzerland",7613035040823,1,43,17.8,3.0,Average
Pains au chocolat,1589.0,14.0,10.0,0.82,7.2,4.8,0,"Snacks,Snacks sucr√©s,en:Sweet pastries and pies,Viennoiseries,Pains au chocolat",en:france,3256540001008,2,45,19.2,3.0,Average
Th√© - Biscuits,1907.0,26.0,6.7,0.7,7.5,3.4,0,"Snacks, Snacks sucr√©s, Biscuits et g√¢teaux, Biscuits, G√¢teaux secs","en:france, en:new-caledonia, en:reunion, en:switzerland",7622210476296,2,46,19.6,3.0,Average
Crousti'Son Miel üçØüêùS√©same,1841.0,16.0,1.6,0.26,8.8,12.0,0,"Snacks, Snacks sucr√©s, Biscuits et g√¢teaux, Biscuits, Biscuits secs, en:Biscuits et g√¢teaux, en:Biscuits secs, en:Snacks sucr√©s","en:france, en:la-reunion, en:suisse",3175681026766,4,52,23.2,3.0,Average
Belvita Original Petit-D√©jeuner miel et p√©pites de chocolat,1864.0,28.0,2.5,0.69,7.3,5.7,0,"Snacks,Petit-d√©jeuners,Snacks sucr√©s,Biscuits et g√¢teaux,Biscuits,Biscuits au chocolat,Biscuit aux c√©r√©ales pour petit d√©jeuner enrichis en vitamines et min√©raux","en:belgium, en:france, en:french-polynesia, en:reunion, en:switzerland",7622210713889,2,45,19.2,3.0,Average
Chocolat noir Bio 70%,2427.0,29.0,25.0,0.08,9.1,10.0,0,"Snacks, Sweet snacks, Cocoa and its products, Chocolates, Dark chocolates","en:belgium, en:france, en:reunion",7622210724519,2,48,20.400000000000002,3.0,Average
Prince petit dej,1966.0,28.0,8.1,0.55,7.1,3.7,0,"Snacks, Snacks sucr√©s, Biscuits et g√¢teaux, Biscuits, Biscuits au chocolat","en:belgium, en:france, en:reunion, en:united-states",3017760306492,2,41,17.6,3.0,Average
Nusskracher Voll-Nuss,2422.0,40.2,15.5,0.21,9.0,4.2,0,"Snacks, Sweet snacks, Cocoa and its products, Confectioneries, Chocolates, Milk chocolates, Chocolates with hazelnuts, Milk chocolates with hazelnuts","en:bulgaria, en:france, en:germany",20005771,1,48,19.800000000000004,3.0,Average
Harrys brioche tressee nature au sucre perle sans additifs 500g,1496.0,13.0,1.0,0.8,8.6,4.5,0,"Snacks, Snacks sucr√©s, Viennoiseries, Brioches, Brioches tress√©es, Brioches pur beurre, Brioches natures",en:france,3228857001231,4,47,21.2,3.0,Average
ORIGINAL SHREDDED WHEAT¬Æ,1522.0,0.7,0.5,0.05,12.2,12.2,0,"Plant-based foods and beverages,Plant-based foods,Breakfasts,Cereals and potatoes,Cereals and their products,Breakfast cereals,Extruded cereals","en:france, en:spain, en:united-kingdom",7613031473113,5,40,19.0,3.0,Average
Fromage blanc au lait de brebis,398.0,4.5,4.3,0.11,5.3,0.0,0,"Dairies,Fermented foods,Fermented milk products,Cheeses,Desserts,Dairy desserts,Fermented dairy desserts,Plain fermented dairy desserts,Pasteurized cheeses,Sheep's-milk cheeses,fr:Fromages blancs,Fresh cream cheese with sheeps's milk,fr:Fromages blancs natures",en:france,3273220541012,4,43,19.599999999999998,3.0,Average
Belvita Brut & 5 c√©r√©ales compl√®tes,1833.0,22.0,1.4,1.4,7.8,6.1,0,"Snacks, Snacks sucr√©s, Biscuits et g√¢teaux, Biscuits, Biscuits petit d√©jeuner","en:belgium, en:france, en:luxembourg, en:new-caledonia, en:switzerland",7622210713926,2,54,22.8,3.0,Average
Parmigiano Reggiano Revet Fersk Parmesan DOP 60g,1680.0,0.0,20.0,0.004,32.0,0.0,0,"Dairies, Fermented foods, Fermented milk products, Cheeses, Cow cheeses, Fresh foods, Cooked-pressed-cheeses, Italian cheeses, Grated cheese, Parmigiano-Reggiano","en:belgium, en:france, en:germany, en:italy, en:luxembourg, en:switzerland",8010721001509,3,41,18.200000000000003,3.0,Average
St Hubert,1924.0,0.0,16.0,0.4,0.0,0.0,0,"Plant-based foods and beverages,Plant-based foods,Fats,Spreads,Plant-based spreads,Salted spreads,Spreadable fats,Vegetable fats,Margarines,Light margarines",en:france,3366321053307,3,54,23.400000000000002,3.0,Average
Kiri-K√§se,1260.0,2.0,19.4,1.3,9.0,0.0,0,"Dairies, Fermented foods, Fermented milk products, Cheeses, Fermentierte Lebensmittel, Fermentierte Milch, Fromages pour enfants, K√§se, Milchprodukte","en:belgium, en:france, en:germany, en:luxembourg, en:switzerland",3073781131888,2,56,23.6,3.0,Average
Petit brun extra,1857.0,25.0,5.9,0.8,7.2,2.9,0,"Snacks,Snacks sucr√©s,Biscuits et g√¢teaux,Biscuits",en:france,7622210476241,2,53,22.400000000000002,3.0,Average
Palmito L'original,2226.0,21.0,15.0,1.4,6.1,2.4,0,"Snacks, Snacks sucr√©s, Biscuits et g√¢teaux, Biscuits, Biscuits sabl√©s, Biscuits feuillet√©s, Palmiers","en:belgium, en:france, en:guadeloupe, en:luxembourg, en:new-caledonia, en:reunion",3017760030106,1,57,23.400000000000002,3.0,Average
La Madeleine Pur beurre,1866.0,26.0,16.0,0.9,6.6,1.2,0,"Snacks, Snacks sucr√©s, Biscuits et g√¢teaux, G√¢teaux, Madeleines, Madeleines natures","en:france, en:switzerland",3178530402728,1,49,20.200000000000003,3.0,Average
Bastogne,2045.0,40.0,9.4,0.79,4.7,2.0,0,"Snacks, Snacks sucr√©s, Biscuits et g√¢teaux, Biscuits, en:Biscuits et g√¢teaux, en:Snacks sucr√©s","en:belgium, en:france, en:french-polynesia, en:new-caledonia, en:reunion",3056440070896,1,43,17.8,3.0,Average
President emmental coeur de meule 250g,1532.0,0.5,21.0,0.6,27.0,0.0,0,"Produits laitiers, Produits ferment√©s, Produits laitiers ferment√©s, Fromages, Fromages de vache, en:cooked-pressed-cheeses, Emmentals, Fromages de France, Emmentals fran√ßais",en:france,3228021170022,2,42,18.0,3.0,Average
Mints,1915.0,63.1,10.0,0.02,3.5,4.5,0,"Plant-based foods and beverages, Plant-based foods, Snacks, Condiments, Sweet snacks, Cocoa and its products, Culinary plants, Aromatic plants, Aromatic-herbs, Chocolates, Dark chocolates, Mint, Filled chocolates, Dark chocolate filled with mint confectionery","en:bulgaria, en:czech-republic, en:finland, en:france, en:germany, en:lithuania, en:spain",20706852,1,44,18.200000000000003,3.0,Average
Special Flakes Classic,1634.0,8.8,0.3,0.52,8.9,8.1,0,"Alimentos y bebidas de origen vegetal, Alimentos de origen vegetal, Desayunos, Cereales y patatas, Cereales y derivados, Cereales para el desayuno, Copos, Copos de cereales, en:Extruded cereals, en:Extruded flakes, Mezclas de copos de cereales","en:france, en:spain",20621469,5,40,19.0,3.0,Average
Milk Chocolate,2276.0,9.4,3.0,0.06,6.3,0.5,0,"Snacks, Snacks sucr√©s, Cacao et d√©riv√©s, Chocolats, Chocolats au lait","en:bulgaria, en:estonia, en:finland, en:france, en:germany, en:hungary, en:poland, en:romania, en:slovenia, en:spain",20005825,3,48,21.000000000000004,3.0,Average
Orangensaft,182.0,8.9,0.0,0.0,0.8,0.6,100,"Plant-based foods and beverages, Beverages, Plant-based beverages, Fruit-based beverages, Juices and nectars, Fruit juices, Non-alcoholic beverages, Orange juices, Squeezed juices, Orange juices without pulp, Squeezed orange juices","en:belgium, en:france, en:luxembourg, en:reunion, en:switzerland",3502110009449,3,47,20.6,3.0,Average
Comt√©,1700.0,0.5,22.0,0.8,26.0,0.0,0,"Produits laitiers,Produits ferment√©s,Produits laitiers ferment√©s,Fromages,Fromages √† p√¢te press√©e cuite,Fromages de France,Fromages au lait cru,Comt√©,en:Aoc-cheeses,en:Labeled-cheeses,Produits-aoc,Produits-labellises","en:belgium, en:france, en:switzerland",3123930650026,2,42,18.0,3.0,Average
Pesto Basilic extra frais,1360.0,3.5,4.5,2.8,3.8,1.8,0,"Plant-based foods and beverages, Plant-based foods, Condiments, Sauces, Pasta sauces, Pestos, Green pestos, fr:Pesto Vert, en:basil","en:france, en:romania, en:switzerland",3038354199603,2,46,19.6,3.0,Average
Chocolat noir 85% Madagascar,2562.0,14.0,31.0,0.0,11.0,11.0,0,"Snacks,Snacks sucr√©s,Cacao et d√©riv√©s,Chocolats,Chocolats noirs","en:france, en:spain",3760091722508,2,49,20.8,3.0,Average
NOIR DEGUSTATION 70% CARAMEL,2380.0,35.2,21.9,0.167,7.1,9.6,0,"Snacks,Sweet snacks,Cocoa and its products,Chocolates,Dark chocolates,Dark chocolate bar with more than 70% cocoa","en:france, en:germany, en:italy, en:spain",20177218,1,44,18.200000000000003,3.0,Average
Petit Cookies P√©pites de chocolat,2134.0,35.0,17.0,0.44,7.3,3.6,0,"Snacks,Sweet snacks,Biscuits and cakes,Biscuits,Chocolate biscuits,Drop cookies,Chocolate chip cookies","en:belgium, en:france, en:luxembourg, en:switzerland",3178530407396,1,52,21.400000000000002,3.0,Average
Chocolat noir 50% cacao,2140.0,46.5,18.8,0.0588,5.29,8.24,0,"Snacks,Sweet snacks,Cocoa and its products,Chocolates,Dark chocolates","en:finland, en:france, en:germany, en:italy, en:latvia, en:switzerland, en:united-states",20005832,1,47,19.400000000000002,3.0,Average
C√©r√©ales All Bran Kellogg's Fibre Plus,1400.0,18.0,0.7,0.95,14.0,27.0,0,"Plant-based foods and beverages,Plant-based foods,Breakfasts,Cereals and potatoes,Cereals and their products,Breakfast cereals,Extruded cereals,Wheat bran sticks","en:belgium, en:france, en:germany, en:guadeloupe, en:italy, en:netherlands, en:spain, en:switzerland, en:united-kingdom",3159470001424,3,40,17.8,3.0,Average
Go√ªter p√©pites de chocolat,1896.0,20.0,3.7,0.27,7.3,5.1,0,"Snacks, Snacks sucr√©s, Biscuits et g√¢teaux, Biscuits, Biscuits au chocolat, Biscuit aux c√©r√©ales et p√©pites de chocolat, Go√ªter p√©pites de chocolat","en:belgium, en:france, en:french-polynesia, en:reunion, en:switzerland",3251490307002,3,52,22.6,3.0,Average
Belvita original  - Biscuits petit d√©jeuner miel & p√©pites de chocolat,1864.0,28.0,2.5,0.69,7.3,5.7,0,Biscuits secs,"en:france, en:reunion, en:switzerland",7622210713902,2,45,19.2,3.0,Average
Pim's Sinaasappel,1670.0,48.0,5.8,0.44,3.3,2.5,0,"Snacks,Snacks sucr√©s,Biscuits et g√¢teaux,Biscuits sucr√©s & biscuits ap√©ritifs,Biscuits,G√©noises fourr√©es aux fruits et napp√©es de chocolat","en:belgium, en:france, en:netherlands, en:spain, en:switzerland",5410041005707,2,49,20.8,3.0,Average
Multivitamin Capri-Sun,130.0,7.3,0.0,0.0,0.0,0.0,0,"Plant-based foods and beverages, Beverages, Plant-based beverages, Fruit-based beverages, Sweetened beverages, Aliments et boissons √† base de v√©g√©taux, Boissons, Boissons aux fruits, Boissons avec sucre ajout√©, Boissons √† base de v√©g√©taux","en:belgium, en:france, en:belgique, en:suisse",4000177158319,1,45,18.6,3.0,Average
Biscuit complet au germe de bl√©,1830.0,19.0,1.19,0.238,8.33,7.14,0,"Snacks,Sweet snacks,Biscuits and cakes,Biscuits,fr:Biscuit complet au germe de bl√©","en:france, en:guadeloupe, en:morocco, en:reunion, en:switzerland",3251490320001,3,52,22.6,3.0,Average
Petites Madeleines p√©pites chocolat,1894.0,30.0,3.5,0.76,5.5,1.2,0,"Snacks,Desserts,Snacks sucr√©s,Biscuits et g√¢teaux,G√¢teaux,G√¢teaux au chocolat,Madeleines,Madeleines au chocolat","en:france, en:switzerland",3178530410143,2,42,18.0,3.0,Average
Pistaches de Californie,2530.0,5.6,6.3,1.48,26.5,7.6,0,"Plant-based foods and beverages,Plant-based foods,Snacks,Salty snacks,Nuts and their products,Nuts,Pistachios,Roasted pistachios,Salted nuts","en:belgium, en:czech-republic, en:france, en:germany, en:morocco, en:portugal, en:spain",20005719,3,47,20.6,3.0,Average
Brioche Tranch√©e Recette Classique,1450.0,15.0,4.3,1.1,8.0,5.0,0,"Snacks, Snacks sucr√©s, Viennoiseries, Brioches, Brioches tranch√©es, Brioches-natures",en:france,3228857001316,3,49,21.400000000000002,3.0,Average
ƒåokol√°da,2276.0,45.6,22.0,0.01,4.8,0.0,0,"Snacks, Sweet snacks, Cocoa and its products, Chocolates, Dark chocolates","en:croatia, en:czech-republic, en:france, en:spain",20022471,1,47,19.400000000000002,3.0,Average
NESTLE CHOCAPIC BIO C√©r√©ales,1650.0,22.5,1.6,0.22,8.8,7.9,0,"Plant-based foods and beverages,Plant-based foods,Breakfasts,Cereals and potatoes,Cereals and their products,Breakfast cereals,Chocolate cereals,Extruded cereals,Chocolate wheat shells","en:belgium, en:france, en:luxembourg, en:reunion",7613036669146,5,50,23.0,3.0,Average
Haselnuss,2312.0,50.4,16.9,0.22,7.9,2.5,0,"Snacks, Sweet snacks, Cocoa and its products, Chocolates, Dark chocolates, Milk chocolates, Chocolates with hazelnuts, Dark chocolate bar with less than 70% cocoa, Milk chocolates with hazelnuts","en:bulgaria, en:france",20029838,1,58,23.800000000000004,3.0,Average
Pim's - Framboise,1672.0,48.0,5.8,0.45,3.4,2.8,0,"Snacks,Desserts,Sweet snacks,Biscuits and cakes,Biscuits and crackers,Biscuits,Cakes,Chocolate biscuits,Jaffa cakes","en:belgium, en:france, en:morocco, en:spain, en:switzerland",5410041040807,2,49,20.8,3.0,Average
Cioccolato con nocciole intere,2434.0,30.0,17.9,0.01,8.6,6.89655,0,"Snacks, Sweet snacks, Cocoa and its products, Confectioneries, Chocolates, Dark chocolates, Chocolates with hazelnuts, Dark chocolates with hazelnuts","en:belgium, en:france, en:germany, en:netherlands, en:poland, en:spain, en:switzerland",20815356,2,44,18.8,3.0,Average
"BN - French Casse Croute Biscuits, 375g (13.2oz)",1590.0,25.6,1.88,0.00156,7.5,2.5,0,"Snacks, Snacks sucr√©s, Surgel√©s, Biscuits et g√¢teaux, Biscuits",en:france,3061990143594,3,44,19.400000000000002,3.0,Average
Chocolat Bio noir 85%,2510.0,14.0,30.0,0.12,10.0,12.0,0,"Snacks, Snacks sucr√©s, Cacao et d√©riv√©s, Chocolats, Chocolats noirs","en:belgium, en:france, en:reunion",7622210869616,2,49,20.8,3.0,Average
Petit √©colier chocolat noir,2101.0,36.0,16.0,0.56,6.4,4.4,0,"Snacks,Sweet snacks,Biscuits and cakes,Biscuits and crackers,Biscuits,Chocolate biscuits,Dark chocolate biscuits,Biscuit with a chocolate bar covering,Biscuit with a dark chocolate bar covering","en:france, en:germany, en:reunion, en:spain, en:switzerland",5410041010800,1,36,15.0,2.5,Average
Granola,2054.0,28.0,12.0,1.18,5.9,3.5,0,"Snacks,Sweet snacks,Biscuits and cakes,Biscuits,Chocolate biscuits,Shortbread cookies,Biscuit with chocolate covering,Digestives covered with chocolate,Shortbread cookie with chocolate","en:belgium, en:france, en:martinique, en:reunion, en:switzerland, en:united-states",7622210601988,1,40,16.6,2.5,Average
Brazil nuts,2930.0,2.67,16.3,8.33e-05,17.0,10.0,0,"Plant-based foods and beverages,Plant-based foods,Nuts and their products,Nuts,Shelled nuts,Brazil nuts,Shelled Brazil nuts","en:austria, en:france, en:germany, en:ireland, en:spain",20202392,3,27,12.600000000000001,2.5,Average
Milka galette choco,2111.0,35.0,12.0,0.6,5.7,2.7,0,"Snacks,Sweet snacks,Biscuits and cakes,Biscuits,Cakes,Chocolate biscuits,Filled biscuits,Chocolate sandwich cookies","en:france, en:germany, en:morocco, en:spain",7622210100917,1,32,13.4,2.5,Average
Roquefort Soci√©t√©,1510.0,0.0,22.5,3.35,19.0,0.0,0,"Dairies, Fermented foods, Fermented milk products, Cheeses, Blue-veined cheeses, French blue-veined cheeses, Sheep's-milk cheeses, Roquefort cheeses","en:france, en:luxembourg",3023260030980,1,28,11.8,2.5,Average
caramel a la pointe de sel,2176.0,52.0,17.0,0.4,5.4,0.0,0,"Snacks, Sweet snacks, Cocoa and its products, Chocolates, Dark chocolates, Salted chocolates, Fleur de sel chocolates, Caramel chocolates, Dark chocolate bar, Dark chocolate with caramel, Extra fine dark chocolates, en:dark-chocolates-with-fleur-de-sel",en:france,3046920022507,1,29,12.200000000000001,2.5,Average
Cruesli Chocolat noir,1906.0,16.0,4.9,0.48,8.1,10.0,0,"Plant-based foods and beverages, Plant-based foods, Breakfasts, Cereals and potatoes, Cereals and their products, Breakfast cereals, Chocolate cereals, Crunchy cereal clusters, Cereal clusters with chocolate","en:belgium, en:france, en:french-polynesia, en:italy, en:new-caledonia, en:reunion, en:spain, en:switzerland",3168930010906,3,25,11.8,2.5,Average
Prince Go√ªt Tout Choco Au Bl√© Complet,1947.0,34.0,5.7,0.54,7.1,5.1,0,"Snacks, Sweet snacks, Biscuits and cakes, Biscuits, Chocolate biscuits, Biscuits au chocolat, Biscuits au chocolat au lait, Biscuits et g√¢teaux, Biscuits fourr√©s, Snacks sucr√©s, en:filled-biscuits","en:france, en:la-reunion, en:etats-unis",7622210450098,2,27,12.0,2.5,Average
Excellence Extra Fondant Lait,2372.0,50.0,23.0,0.28,6.4,0.0,0,"Snacks, Snacks sucr√©s, Cacao et d√©riv√©s, Chocolats, Chocolats noirs, Chocolats au lait",en:france,3046920010283,1,33,13.8,2.5,Average
Sabl√©s chocolat,2078.0,28.5,12.4,0.94,6.7,3.0,0,"Snacks,Snacks sucr√©s,Biscuits et g√¢teaux,Biscuits,Biscuits au chocolat,Biscuits au chocolat au lait,Biscuits sabl√©s,Sabl√©s napp√©s de chocolat,Sabl√©s au chocolat",en:france,5000168198514,1,40,16.6,2.5,Average
Flutes aux 3 graines,2098.0,3.0,8.0,1.3,15.0,6.0,0,"Aliments et boissons √† base de v√©g√©taux, Aliments d'origine v√©g√©tale, Snacks, C√©r√©ales et pommes de terre, Snacks sal√©s, Graines, Snacks sucr√©s, Amuse-gueules, C√©r√©ales et d√©riv√©s, Biscuits et g√¢teaux, C√©r√©ales en grains, Pains, Biscuits ap√©ritifs, Lins, S√©same, Gressins, Graines de pavot, Fl√ªtes droites aux graines",en:france,7610216210464,2,27,12.0,2.5,Average
Cacahu√®tes - grill√©es & sal√©es,2562.0,5.2,7.8,1.0,24.4,8.2,0,"Aliments et boissons √† base de v√©g√©taux, Aliments d'origine v√©g√©tale, L√©gumineuses et d√©riv√©s, Snacks, L√©gumineuses, Snacks sal√©s, Fruits √† coques et d√©riv√©s, Fruits √† coques, Fruits √† coque grill√©s, Cacahu√®tes, Fruits √† coque sal√©s, Cacahu√®te grill√©e sal√©e, Cacahu√®tes grill√©es, Cacahu√®tes sal√©es, Cacahu√®tes d√©cortiqu√©es","en:belgium, en:bulgaria, en:france, en:hungary, en:spain, en:sweden",20014384,3,23,11.0,2.5,Average
Noir intense dessert 70%,2247.0,30.0,22.0,0.3,9.0,0.0,0,"Snacks, Snacks sucr√©s, Cacao et d√©riv√©s, Chocolats, Chocolats noirs",en:france,3046920021043,1,28,11.8,2.5,Average
Weetabix,1515.0,4.4,0.6,0.275,12.0,10.0,0,"Plant-based foods and beverages, Plant-based foods, Breakfasts, Cereals and potatoes, Cereals and their products, Breakfast cereals","en:france, en:ireland, en:united-kingdom",5010029000016,5,28,14.200000000000001,2.5,Average
Green and Black's Organic 70% Dark Chocolate Bar,2427.0,29.0,25.0,0.0,9.1,10.0,0,"Snacks,Sweet snacks,Cocoa and its products,Confectioneries,Chocolates,Dark chocolates,Chocolate bars","en:france, en:sweden, en:united-kingdom",7622210578464,2,40,17.2,2.5,Average
Noir Extra,2119.0,52.0,18.0,0.01,4.9,7.2,0,"Snacks, Snacks sucr√©s, Cacao et d√©riv√©s, Chocolats, Chocolats noirs, Chocolats noirs en tablette, Chocolats noirs extra fin, Chocolat-noir-extra, Chocolats noir √† croquer",en:france,3664346305860,1,29,12.200000000000001,2.5,Average
Belvita Petit D√©jeuner Chocolat,1846.0,27.0,3.6,0.62,7.9,6.8,0,"Snacks,Sweet snacks,Biscuits and cakes,Biscuits,Chocolate biscuits","en:belgium, en:france, en:guadeloupe, en:luxembourg, en:belgique, en:la-reunion, en:suisse",7622210713780,3,31,14.2,2.5,Average
Chocolat Noir Cors√©,2306.0,34.6,22.4,0.02,8.4,10.6,0,"Snacks,Snacks sucr√©s,Cacao et d√©riv√©s,Chocolats,Chocolats noirs","en:france, en:germany, en:martinique, en:reunion",7613035898646,2,34,14.8,2.5,Average
Mousse au chocolat vegetal au lait de coco,680.0,16.2,5.3,0.22,2.2,0.0,0,"Plant-based foods and beverages,Dairies,Dairy substitutes,Desserts,Dairy desserts,Non-dairy desserts,Chocolate desserts,Sweet mousses,Dairy Mousses,Chocolate mousses,Vegan chocolate mousses",en:france,3608580942764,3,25,11.8,2.5,Average
Lait noisettes enti√®re,2307.0,43.0,14.0,0.18,9.3,5.1,0,"Snacks,Sweet snacks,Cocoa and its products,Chocolates,Milk chocolates,Chocolates with hazelnuts","en:france, en:luxembourg, en:algerie",7622210995063,1,33,13.8,2.5,Average
Excellence 85% Cacao Chocolat Noir Puissant,2418.0,15.0,27.0,0.02,12.5,0.0,0,"Snacks,Sweet snacks,Cocoa and its products,Chocolates,Dark chocolates,Dark chocolate bar","en:austria, en:belgium, en:france, en:germany, en:italy, en:morocco, en:netherlands, en:reunion, en:spain, en:switzerland",3046920022606,1,29,12.200000000000001,2.5,Average
Cashews,2510.0,6.5,9.0,0.02,20.5,5.2,100,"Plant-based foods and beverages,Plant-based foods,Nuts and their products,Nuts,Cashew nuts","en:austria, en:belgium, en:croatia, en:france, en:germany, en:hungary, en:italy, en:spain, en:sweden, en:switzerland, en:united-kingdom",20267605,4,30,14.4,2.5,Average
Granola LU,2104.0,36.0,14.0,1.0,5.7,3.3,0,"Snacks,Desserts,Snacks sucr√©s,Biscuits et g√¢teaux,Biscuits,en:Biscuits au chocolat,en:Biscuits et g√¢teaux,en:Snacks sucr√©s",en:france,3017760756198,1,40,16.6,2.5,Average
Leerdammer original 8 tranches 200g,1460.0,0.1,18.5,1.5,26.0,0.0,0,"Dairies, Fermented foods, Fermented milk products, Cheeses, Frozen foods, Cow cheeses, en:sliced-cheeses",en:france,8721800402055,2,35,15.2,2.5,Average
"Chocolat noir extra-fin, traditionnel.",2380.0,17.0,29.0,5e-05,10.0,0.0,0,"Snacks,Sweet snacks,Cocoa and its products,Chocolates,Dark chocolates,Dark chocolate bar with more than 70% cocoa","en:australia, en:france, en:germany, en:italy, en:new-zealand, en:spain, en:switzerland",3046920010047,1,39,16.200000000000003,2.5,Average
Mars,1890.0,61.6,8.38,0.42,4.04,1.24,0,"Snacks, Snacks sucr√©s, Cacao et d√©riv√©s, Confiseries, Barres, Biscuits et g√¢teaux, Confiseries chocolat√©es, Barres chocolat√©es, Barres chocolat√©es au caramel, Barre au chocolat sans biscuit","en:france, en:germany, en:hungary, en:morocco, en:poland",5000159407236,1,34,14.200000000000001,2.5,Average
Mikado chocolat au lait,2032.0,33.0,11.0,0.8,6.8,3.3,0,"Snacks, Snacks sucr√©s, Biscuits et g√¢teaux, Biscuits, Biscuits au chocolat, Biscuits au chocolat au lait, Biscuits b√¢tonnets au chocolat, en:Biscuits au chocolat, en:Biscuits au chocolat au lait, en:Biscuits b√¢tonnets au chocolat, en:Biscuits et g√¢teaux, en:Biscuits napp√©s au chocolat, en:Snacks sucr√©s","en:france, en:belgique, en:espagne, en:suisse",3017760686792,1,32,13.4,2.5,Average
Saint Agur,1493.0,0.5,23.0,2.2,16.0,0.0,0,"Dairies, Fermented foods, Fermented milk products, Cheeses, Cow cheeses, Blue-veined cheeses, French blue-veined cheeses, Pasteurized cheeses",en:france,3341504005540,2,36,15.6,2.5,Average
C√©r√©ales Chocapic,1638.0,22.4,2.0,0.22,8.8,7.5,0,"Plant-based foods and beverages,Plant-based foods,Breakfasts,Cereals and potatoes,Cereals and their products,Breakfast cereals,Chocolate cereals,Aliments d'origine v√©g√©tale,Aliments et boissons √† base de v√©g√©taux,C√©r√©ales au chocolat,C√©r√©ales et d√©riv√©s,C√©r√©ales et pommes de terre,C√©r√©ales extrud√©es,C√©r√©ales pour petit d√©jeuner enrichies en vitamines et min√©raux,C√©r√©ales pour petit-d√©jeuner,Petit-d√©jeuners,P√©tales de bl√© chocolat√©s,P√©tales de bl√© chocolat√©s enrichis en vitamines et min√©raux","en:france, en:french-polynesia, en:guadeloupe, en:martinique, en:morocco, en:new-caledonia, en:reunion, en:switzerland",7613034626844,5,28,14.200000000000001,2.5,Average
Czekolada gorzka 95%,2453.0,2.3,31.0,0.03,12.5,10.0,0,"Snacks, Sweet snacks, Cocoa and its products, Chocolates, Dark chocolates, Extra fine dark chocolates","en:france, en:germany, en:spain",20815882,2,34,14.8,2.5,Average
"chocolat Noir D√©licat Doux 85,% cacao",2526.0,14.0,33.0,0.025,8.9,0.0,0,"Snacks, Sweet snacks, Cocoa and its products, Chocolates, en:dark-chocolates","en:austria, en:czech-republic, en:france, en:germany",3046920029681,1,38,15.8,2.5,Average
Chocolat au lait du Pays Alpin,2260.0,55.1,18.6,0.276,6.59,2.28,0,"Snacks, Cacao et d√©riv√©s, Chocolats, Chocolats au lait, Snacks sucr√©s, Chocolates-con-leche, en:milk-chocolates",en:france,3045140105502,1,33,13.8,2.5,Average
Chocolat Noir - l'Original,2218.0,53.5,18.5,0.0,5.1,7.5,0,"Snacks, Desserts, Snacks sucr√©s, Cacao et d√©riv√©s, Chocolats, Chocolats noirs",en:france,5410081200445,1,29,12.200000000000001,2.5,Average
Milka Tablette Noisette,2346.0,45.0,16.0,0.22,8.2,3.7,0,"Snacks, Snacks sucr√©s, Cacao et d√©riv√©s, Chocolats, Chocolats au lait, Chocolats aux noisettes, Chocolats au lait aux noisettes","en:algeria, en:austria, en:czech-republic, en:france, en:germany, en:switzerland",3045140118502,1,33,13.8,2.5,Average
Prince Go√ªt Vanille,1966.0,35.0,5.3,0.55,5.1,2.3,0,"Snacks, Snacks sucr√©s, Biscuits et g√¢teaux, Biscuits, Biscuits au chocolat, Biscuits fourr√©s",en:france,7622210449979,2,27,12.0,2.5,Average
"Sweet & Salty Nut chocolat noir et m√©lange de noix, 5 barres de 30 g",1940.0,23.3,8.8,0.93,9.5,10.1,0,"Snacks, Sweet snacks, Bars, Cereal bars, Nuts cereal bars, Cereal bar with almonds or hazelnuts, Chocolate cereal bars, Cereal bar with almonds, fr:Barres de c√©, fr:Barres de c√©r√©ales √† la cacahu√®te",en:france,8410076610621,2,39,16.8,2.5,Average
Crownfield Special Flakes Red Fruit,1620.0,11.5,0.7,0.37,8.9,6.5,0,"Plant-based foods and beverages,Plant-based foods,Breakfasts,Cereals and potatoes,Cereals and their products,Breakfast cereals,Cereals with fruits,Extruded cereals,Cereal flakes with fruits","en:belgium, en:czech-republic, en:finland, en:france, en:germany",20621452,5,29,14.600000000000001,2.5,Average
"LU - Grany Chocolate 5 Cereals Bar x6, 125g (4.5oz)",1864.0,24.0,7.6,0.68,5.4,4.4,0,"Snacks, Snacks sucr√©s, Barres, Barres de c√©r√©ales, Barres de c√©r√©ales au chocolat","en:france, en:guadeloupe",3392460511200,2,35,15.2,2.5,Average
Coco pops,1636.0,17.0,0.9,0.65,6.3,3.8,0,"en:Plant-based foods and beverages, en:Plant-based foods, en:Breakfasts, en:Cereals and potatoes, en:Cereals and their products, en:Frozen foods, en:Breakfast cereals, en:Chocolate cereals, en:Puffed grains, en:Breakfast cereals fortified with vitamins and chemical elements, en:Puffed cereals, ÿ£ÿ±ÿ≤ ŸÖŸÜÿ™ŸÅÿÆ, en:Chocolate puffed rice, en:Chocolate puffed rice fortified with vitamins and chemical elements, en:cereales-au-chocolat, en:cereales-soufflees, en:grains-soufflees, fr:Riz souffl√© go√ªt chocolat","en:france, en:italy, en:belgica, en:espagne, en:francia, en:suiza",5053827192699,4,25,12.4,2.5,Average
La vache qui rit,955.0,6.0,12.0,1.7,11.0,0.0,0,"Dairies, Fermented foods, Fermented milk products, Cheeses, Spreads, Salted spreads, Cheese spreads, Produits laitiers  Produits ferment√©s  Produits laitiers ferment√©s  Fromages, en:melted-cheese",en:france,3073781192186,2,38,16.400000000000002,2.5,Average
Nutella B-Ready 6pk 132g,2177.0,47.1,9.5,0.559,7.2,0.0,0,"Snacks,Sweet snacks,Cocoa and its products,Confectioneries,Bars,Biscuits and cakes,Biscuits,Wafers,Stuffed wafers,Hazelnut cream stuffed wafers","en:belgium, en:france, en:germany, en:italy, en:luxembourg, en:martinique, en:mauritius, en:morocco, en:new-caledonia, en:reunion, en:spain, en:switzerland, en:taiwan, en:thailand, en:united-kingdom",8000500227848,1,30,12.6,2.5,Average
Garlic & Herbs Soft French Cheese,1635.0,2.5,26.0,1.23,8.5,0.0,0,"Dairies, Fermented foods, Fermented milk products, Spreads, Cheeses, Salted spreads, Cow cheeses, Fresh foods, French cheeses, Pasteurized cheeses, Cheese spreads, Cream cheeses, Industrial cheese, Uncured-soft-cheese-spreadable-around-30-40-fat-flavoured","en:belgium, en:france, en:germany, en:switzerland, en:united-kingdom",3175460000017,2,37,16.0,2.5,Average
Crunchy Peanut Butter,2660.0,3.8,7.9,1.0,27.7,67.0,0,"Plant-based foods and beverages, Plant-based foods, Legumes and their products, Spreads, Nuts and their products, Plant-based spreads, Oilseed purees, Legume butters, Nut butters, Peanut butters, Crunchy peanut butters","en:france, en:united-kingdom",5013665108801,3,38,17.0,2.5,Average
Kinder Country,2342.0,49.1,21.9,0.275,8.6,2.0,0,"Snacks, Snacks sucr√©s, Cacao et d√©riv√©s, Confiseries, Barres, Confiseries chocolat√©es, Barres de c√©r√©ales, Barres chocolat√©es, Barres chocolat√©es au lait et aux c√©r√©ales","en:austria, en:france, en:germany, en:italy, en:switzerland",4008400260921,1,36,15.0,2.5,Average
Noir - Noisettes Enti√®res,2366.0,40.0,16.0,0.01,7.3,7.8,0,"Snacks, Snacks sucr√©s, Cacao et d√©riv√©s, Chocolats, Chocolats noirs, Chocolats aux noisettes, Chocolats noirs aux noisettes, Chocolats noirs extra fin","en:france, en:guadeloupe",7622210995087,1,29,12.200000000000001,2.5,Average
All-Bran,1400.0,18.0,0.7,0.95,14.0,27.0,0,"Plant-based foods and beverages, Plant-based foods, Breakfasts, Cereals and potatoes, Cereals and their products, Breakfast cereals","en:france, en:jersey, en:united-kingdom",5000127142190,3,38,17.0,2.5,Average
Petit D√©jeuner Chocolat,1846.0,27.0,3.6,0.62,7.9,6.8,0,"Snacks, Petit-d√©jeuners, Snacks sucr√©s, Biscuits et g√¢teaux, Biscuits, Biscuits au chocolat, Biscuits secs, Biscuit sec pour petit d√©jeuner, Biscuit sec pour petit d√©jeuner au chocolat","en:belgium, en:france, en:reunion, en:switzerland",7622210713803,3,31,14.2,2.5,Average
NESTLE CHOCAPIC C√©r√©ales 750g,1638.0,22.4,2.0,0.22,8.8,7.5,0,"Plant-based foods and beverages,Plant-based foods,Breakfasts,Cereals and potatoes,Cereals and their products,Breakfast cereals,Chocolate cereals,Chocolate wheat shells","en:france, en:spain, en:switzerland",7613034947611,5,30,15.0,2.5,Average
Cashew-Cranberry-Mix,1972.0,38.8,4.2,0.02,10.4,5.3,0,"Plant-based foods and beverages,Plant-based foods,Fruits and vegetables based foods,Fruits based foods,Nuts and their products,Dried products,Nuts,Dried plant-based foods,Dried fruits,Dried mixed fruits,Cashew nuts","en:belgium, en:bulgaria, en:croatia, en:france, en:germany, en:italy",20815400,4,28,13.600000000000001,2.5,Average
Pistacchi,2507.0,5.6,6.3,0.03,26.5,7.6,0,"Plant-based foods and beverages,Plant-based foods,Nuts and their products,Nuts,Pistachios,Roasted pistachios","en:france, en:germany, en:italy, en:spain",20337292,5,33,16.200000000000003,2.5,Average
La b√ªche Sainte-Maure (Poitou-Charentes,1208.0,1.0,16.0,1.5,20.0,0.0,0,"Dairies, Fermented foods, Fermented milk products, Cheeses, Goat cheeses, Pasteurized cheeses, B√ªche de ch√®vre, Fromages de France, Fromages √† p√¢te molle √† cro√ªte naturelle",en:france,3523230028431,2,31,13.6,2.5,Average
"Ferrero - Nutella Biscuits Tube, 166g (5.9oz) 20days",2158.0,35.8,11.5,0.559,7.9,0.0,0,"Snacks, Sweet snacks, Biscuits and cakes, Biscuits, Chocolate biscuits, Filled biscuits","en:france, en:italy",8000500310397,1,35,14.6,2.5,Average
Huile d'olive vierge extra,3404.0,0.0,14.0,0.0,0.0,0.0,0,"Plant-based foods and beverages,Plant-based foods,Fats,Vegetable fats,Olive tree products,Vegetable oils,Olive oils,Extra-virgin olive oils,Virgin olive oils","en:belgium, en:france, en:switzerland",4056489141877,3,39,17.400000000000002,2.5,Average
Corn Flakes,1604.0,8.0,0.2,1.1,7.0,3.0,0,"Plant-based foods and beverages,Plant-based foods,Breakfasts,Cereals and potatoes,Cereals and their products,Breakfast cereals,Flakes,Cereal flakes,Extruded cereals,Extruded flakes,Corn flakes","en:belgium, en:france, en:germany, en:italy, en:luxembourg, en:martinique, en:mexico, en:reunion, en:spain, en:switzerland, en:united-kingdom",3159470000120,4,29,14.000000000000002,2.5,Average
Crunchy Avoine & Chocolat Noir x 5 x 2 barres de 21 g,1981.0,26.8,3.4,0.65,8.7,7.0,0,"Snacks, Snacks sucr√©s, Barres, Barres de c√©r√©ales, Barres de c√©r√©ales au chocolat",en:france,8410076601148,3,36,16.2,2.5,Average
BelVita Original Petit D√©jeuner p√©pites de chocolat,1832.0,16.0,2.0,0.85,8.6,7.1,0,"Snacks, Breakfasts, Sweet snacks, Biscuits and cakes, Biscuits, Chocolate biscuits, fr:Biscuits-alleges, fr:Biscuits-aux-cereales, fr:Biscuits-petits-dejeuners","en:belgium, en:france, en:luxembourg, en:switzerland",3017760472890,3,27,12.600000000000001,2.5,Average
Prince -  Go√ªt Lait -  Choco Au Bl√© Compet,2003.0,34.0,6.1,0.52,6.0,3.2,0,"Snacks,Sweet snacks,Biscuits and cakes,Biscuits,Chocolate biscuits,Filled biscuits","en:canada, en:france, en:switzerland",7622210450029,2,27,12.0,2.5,Average
Biscuits go√ªt chocolat,1944.0,30.0,8.6,0.47,6.5,3.9,0,"Snacks, Snacks sucr√©s, Biscuits et g√¢teaux, Biscuits, Biscuits au chocolat, Biscuits fourr√©s","en:belgium, en:france, en:reunion, en:switzerland",3061990143365,2,31,13.6,2.5,Average
Chocolat noir 47% et pointe de fleur de sel,2200.0,47.0,19.0,0.37,5.7,0.0,0,"Snacks, Snacks sucr√©s, Cacao et d√©riv√©s, Chocolats, Chocolats noirs, Chocolats sal√©s, Chocolats noirs sal√©s","en:france, en:switzerland",3046920027885,1,27,11.4,2.5,Average
Multic√©r√©ales go√ªt chocolat,1953.0,31.0,5.1,0.59,6.5,4.6,0,"Snacks, Snacks sucr√©s, Biscuits et g√¢teaux, Biscuits, Biscuits au chocolat, Biscuits fourr√©s","en:france, en:reunion",7622210449313,2,39,16.8,2.5,Average
Lindt Excellence 90% 100g,2590.0,7.0,30.0,0.03,10.0,14.0,0,"Snacks,Sweet snacks,Cocoa and its products,Chocolates,Dark chocolates,Extra fine dark chocolates","en:algeria, en:belgium, en:czech-republic, en:finland, en:france, en:french-polynesia, en:germany, en:italy, en:mauritius, en:morocco, en:netherlands, en:reunion, en:singapore, en:spain, en:sweden, en:switzerland, en:united-kingdom",3046920029759,2,29,12.8,2.5,Average
Paahdettu maap√§hkin√§,2592.0,5.3,7.9,0.04,24.7,8.3,0,"en:Plant-based foods and beverages,en:Plant-based foods,en:Legumes and their products,en:Snacks,en:Legumes,en:Salty snacks,en:Appetizers,en:Nuts and their products,en:Nuts,en:Roasted nuts,en:Peanuts,en:Salted nuts,en:Roasted peanuts","en:france, en:spain",20615420,3,33,15.0,2.5,Average
Smooth Peanut butter,2699.0,4.2,7.2,1.0,26.3,6.5,0,"Plant-based foods and beverages, Plant-based foods, Legumes and their products, Spreads, Nuts and their products, Plant-based spreads, Oilseed purees, Legume butters, Nut butters, Peanut butters","en:france, en:united-kingdom",5013665109389,3,28,13.0,2.5,Average
Lulu L'Ourson Chocolat,1641.0,30.0,2.9,0.58,5.2,1.7,0,"Snacks, Desserts, Snacks sucr√©s, Biscuits et g√¢teaux, Biscuits, G√¢teaux, G√¢teaux au chocolat","en:france, en:switzerland",3048282322646,2,31,13.6,2.5,Average
Philadelphia Original,1027.0,1.3,14.0,0.75,5.4,0.2,0,"Dairies, Fermented foods, Fermented milk products, Spreads, Cheeses, Salted spreads, Cheese spreads","en:belgium, en:france, en:germany, en:italy, en:japan, en:mexico, en:morocco, en:spain, en:switzerland",7622300441937,2,39,16.8,2.5,Average
Excellence 100% cacao noir infini,2534.0,0.5,34.0,0.05,13.0,0.0,0,"Botanas,Snacks dulces,Cacao y sus productos,Chocolates,Chocolates negros","en:austria, en:france, en:germany, en:italy, en:spain",3046920016377,2,29,12.8,2.5,Average
Kinder Cards,2135.0,42.9,13.5,0.445,11.5,0.0,0,"Snacks,Sweet snacks,Biscuits and cakes,Biscuits,Chocolate biscuits,Wafers,Stuffed wafers,Chocolate stuffed wafers","en:belgium, en:finland, en:france, en:germany, en:hungary, en:italy, en:luxembourg, en:romania, en:spain, en:sweden, en:switzerland",8000500269169,1,35,14.6,2.5,Average
The Original Speculoos,2026.0,38.1,8.0,0.925,4.9,1.3,0,"Snacks, Snacks sucr√©s, Biscuits et g√¢teaux, Biscuits, Sp√©culoos","en:belgium, en:france",5410126806069,1,40,16.6,2.5,Average
Petit Billy Moul√© √† la main,801.0,2.5,10.5,0.9,12.0,0.0,0,"Cubic-appetizer-cheese, Fromages, Fromages de ch√®vre, Produits ferment√©s, Produits laitiers, Produits laitiers ferment√©s, en:goat-cheeses",en:france,3273220012123,3,17,8.600000000000001,2.0,Average
Kinder Bueno White 39g,2380.0,43.9,16.8,0.33,8.5,0.0,0,"Snacks,Sweet snacks,Cocoa and its products,Confectioneries,Biscuits and cakes,Biscuits and crackers,Chocolate candies,Bars,Biscuits,Candy chocolate bars,Chocolate confectioneries filled with wafer","en:belgium, en:bulgaria, en:france, en:germany, en:hungary, en:italy, en:poland, en:romania, en:serbia, en:switzerland",80761761,1,22,9.4,2.0,Average
"Kinder - Delice x10, 390g (13.8oz)",1901.0,41.0,13.1,0.262,5.5,2.86,0,"Snacks,Desserts,Snacks sucr√©s,Cacao et d√©riv√©s,Confiseries,Biscuits et g√¢teaux,Confiseries chocolat√©es,Biscuits,G√¢teaux,Biscuits au chocolat,G√¢teaux au chocolat","en:france, en:germany, en:italy",8000500267103,1,17,7.4,2.0,Average
L'Original noir,2209.0,53.0,18.0,0.0,5.0,7.3,0,"Snacks, Snacks sucr√©s, Cacao et d√©riv√©s, Chocolats, Chocolats noirs","en:belgium, en:france",5410081201039,1,15,6.6,2.0,Average
Chocolat noir - 85% cacao,2395.0,12.9,28.2,0.03,10.8,14.5,0,"Snacks,Sweet snacks,Cocoa and its products,Chocolates,Dark chocolates","en:austria, en:belgium, en:estonia, en:finland, en:france, en:germany, en:italy, en:lithuania, en:slovakia, en:slovenia, en:spain, en:united-kingdom",20995553,2,19,8.8,2.0,Average
Doux 70% noir subtil,2530.0,29.0,29.0,0.0275,6.9,0.0,0,"Snacks,Sweet snacks,Cocoa and its products,Chocolates,Dark chocolates,Dark chocolate bar with more than 70% cocoa","en:australia, en:denmark, en:france, en:germany, en:morocco, en:new-zealand, en:spain, en:switzerland",3046920029780,1,15,6.6,2.0,Average
Kinder Bueno,2384.0,41.2,17.3,0.272,8.6,0.0,0,"Snacks, Sweet snacks, Cocoa and its products, Confectioneries, Bars, Chocolate candies, Bars covered with chocolate, Chocolate biscuity bars, Chocolate nuts cookie bars","en:algeria, en:belgium, en:france, en:germany, en:italy, en:morocco, en:spain, en:switzerland, en:tunisia, en:united-kingdom, en:united-states",8000500037560,1,23,9.8,2.0,Average
M&M's peanut,2190.0,53.0,11.0,0.11,9.8,0.0,0,"Snacks, Snacks sucr√©s, Cacao et d√©riv√©s, Confiseries, Confiseries chocolat√©es, Bonbons de chocolat, Fruits √† coques enrob√©s de chocolat, Cacahu√®tes au chocolat","en:belgium, en:france, en:germany, en:italy, en:switzerland",5000159492737,1,16,7.0,2.0,Average
Chavroux Pur Ch√®vre,678.0,2.6,9.0,1.0,8.7,0.0,0,"Fromages, Fromages de ch√®vre, Produits ferment√©s, Produits laitiers, Produits laitiers ferment√©s, Surgel√©s, en:goat-cheeses",en:france,3272770016131,3,10,5.8,2.0,Average
Banania Original - Cacao C√©r√©ales Touche De Banane & Miel,1577.0,69.0,1.4,0.06,5.6,6.7,0,"Beverages and beverages preparations,Beverages,Breakfasts,Cocoa and its products,Hot beverages,Beverage preparations,Cocoa and chocolate powders,Instant beverages,Chocolate powders,Sweetened beverages,fr:Poudre chocolat√©e","en:france, en:germany",3700278400881,4,-7,-0.40000000000000036,1.5,Average
Cola Cao El Original,288.0,9.1,1.1,0.12,3.4,0.5,0,"Beverages,Breakfasts,Cocoa and its products,Cocoa and chocolate powders,Instant beverages,Chocolate powders","en:france, en:spain",8410014478733,4,0,2.4,1.5,Average
Original,761.0,37.1,0.667,0.11,2.29,3.19,0,"Beverages, Snacks, Breakfasts, Sweet snacks, Cocoa and its products, Hot beverages, Cocoa and chocolate powders, Instant beverages, Cocoa powders, Chocolate powders, Cocoa powder for beverages with sugar, Sweetened beverages",en:france,3034470003107,4,-17,-4.4,1.0,Average
Le Choco,1678.0,65.8,4.2,0.12,6.8,9.1,0,"Beverages, Breakfasts, Cocoa and its products, Hot beverages, Cocoa and chocolate powders, Instant beverages, Non-alcoholic beverages, Cocoa powders, Chocolate powders, Cocoa powder for beverages with sugar","en:belgium, en:france, en:guadeloupe, en:martinique, en:new-caledonia, en:reunion",3033710065783,4,-20,-5.6,1.0,Average
